Rk,Mgr,Yrs,From,To,W,L,W-L%,Ties,G>.500,G,Wpost,Lpost,W-L%post,BestFin,WrstFin,AvRk,Ejections,Plyof App,WSwon,PennWon,ASG,,Player/Manager
1,Manny Acta,6,2007,2012,372,518,0.418,0,-146,890,0,0,,2,5,4.1,8,0,0,0,0,,
2,Bill Adair,1,1970,1970,4,6,0.4,0,-2,10,0,0,,6,6,6,0,0,0,0,0,,
3,Joe Adcock,1,1967,1967,75,87,0.463,0,-12,162,0,0,,8,8,8,3,0,0,0,0,as player,
4,Bob Addy,2,1875,1877,8,23,0.258,0,-15,31,0,0,,5,6,5.8,0,0,0,0,0,as player,plyr/mgr: 1875-1877
5,Bob Allen,2,1890,1900,87,87,0.5,5,0,179,0,0,,3,7,6.2,0,0,0,0,0,as player,plyr/mgr: 1890-1900
6,Newt Allen,1,1941,1941,34,13,0.723,0,21,47,0,0,,1,1,1,,1,0,1,0,as player,
7,Todd Allen,1,1925,1925,17,53,0.243,0,-36,70,0,0,,8,8,8,,0,0,0,0,as player,
8,Doug Allison,1,1873,1873,2,21,0.087,0,-19,23,0,0,,8,8,8,0,0,0,0,0,as player,
9,Sandy Alomar,1,2012,2012,3,3,0.5,0,0,6,0,0,,4,4,4,0,0,0,0,0,as player,
10,Felipe Alou,14,1992,2006,1033,1021,0.503,1,12,2055,1,3,0.25,1,5,2.9,18,1,0,0,1,as player,
11,Walter Alston HOF,23,1954,1976,2040,1613,0.558,5,427,3658,23,21,0.523,1,8,2.9,37,7,4,7,9,as player,
12,Joe Altobelli,7,1977,1991,437,407,0.518,0,30,844,7,2,0.778,1,5,3.4,18,1,1,1,1,as player,
13,Joey Amalfitano,3,1979,1981,66,116,0.363,3,-50,185,0,0,,5,6,5.7,1,0,0,0,0,as player,
14,Sparky Anderson HOF,26,1970,1995,2194,1834,0.545,2,360,4030,34,21,0.618,1,7,2.9,56,7,3,5,5,as player,
15,Cap Anson HOF,21,1875,1898,1295,947,0.578,46,348,2288,5,7,0.417,1,9,4,7,0,0,5,0,as player,plyr/mgr: 1875-1897
16,Luke Appling HOF,1,1967,1967,10,30,0.25,0,-20,40,0,0,,10,10,10,0,0,0,0,0,as player,
17,Bill Armour,5,1902,1906,382,347,0.524,7,35,736,0,0,,3,6,4.2,3,0,0,0,0,,
18,Ken Aspromonte,3,1972,1974,220,260,0.458,0,-40,480,0,0,,4,6,5,6,0,0,0,0,as player,
19,Brad Ausmus,5,2014,2019,386,422,0.478,0,-36,808,0,3,0,1,5,3.4,17,1,0,0,0,as player,
20,Jimmy Austin,3,1913,1923,31,44,0.413,0,-13,75,0,0,,5,8,5.3,1,0,0,0,0,as player,plyr/mgr: 1913-1923
21,Del Baker,9,1933,1960,419,360,0.538,6,59,785,3,4,0.429,1,7,3.6,2,1,0,1,1,as player,
22,Dusty Baker,25,1993,2022,2093,1790,0.539,1,303,3884,51,46,0.526,1,6,2.4,25,12,1,3,2,as player,
23,Rocco Baldelli,4,2019,2022,288,258,0.527,0,30,546,0,5,0,1,5,2.8,11,2,0,0,0,as player,
24,George Bamberger,7,1978,1986,458,478,0.489,0,-20,936,0,0,,2,6,4.5,21,0,0,0,0,as player,
25,Dave Bancroft HOF,4,1924,1927,249,363,0.407,3,-114,615,0,0,,5,8,6.8,7,0,0,0,0,as player,plyr/mgr: 1924-1927
26,Frank Bancroft,9,1880,1902,375,333,0.53,10,42,718,3,0,1,1,7,4.2,0,0,1,1,0,,
27,Jeff Banister,4,2015,2018,325,313,0.509,0,12,638,2,6,0.25,1,5,2.5,16,2,0,0,0,as player,
28,Rod Barajas,1,2019,2019,1,7,0.125,0,-6,8,0,0,,5,5,5,0,0,0,0,0,as player,
29,Marvin Barker,4,1945,1948,52,147,0.261,5,-95,204,0,0,,6,6,6,,0,0,0,0,as player,
30,Sam Barkley,1,1888,1888,21,36,0.368,1,-15,58,0,0,,8,8,8,0,0,0,0,0,as player,plyr/mgr: 1888
31,Billy Barnie,14,1883,1898,632,810,0.438,35,-178,1477,0,0,,3,12,7,0,0,0,0,0,as player,plyr/mgr: 1883-1886
32,Bernardo Baró,1,1927,1927,12,14,0.462,1,-2,27,0,0,,3,3,3,,0,0,0,0,as player,
33,Ed Barrow HOF,5,1903,1920,310,320,0.492,9,-10,639,4,2,0.667,1,7,4.7,1,1,1,1,0,,
34,Jack Barry,1,1917,1917,90,62,0.592,5,28,157,0,0,,2,2,2,2,0,0,0,0,as player,plyr/mgr: 1917
35,Joe Battin,2,1883,1884,9,23,0.281,0,-14,32,0,0,,5,10,7.8,0,0,0,0,0,as player,plyr/mgr: 1883-1884
36,Hank Bauer,8,1961,1969,594,544,0.522,1,50,1139,4,0,1,1,9,4.5,14,1,1,1,1,as player,plyr/mgr: 1961
37,Don Baylor,9,1993,2002,627,689,0.476,0,-62,1316,1,3,0.25,2,6,3.9,12,1,0,0,0,as player,
38,Tony Beasley,1,2022,2022,17,31,0.354,0,-14,48,0,0,,4,4,4,0,0,0,0,0,,
39,John Beckwith,3,1925,1932,63,53,0.543,1,10,117,0,0,,2,5,2.5,,0,0,0,0,as player,
40,Buddy Bell,9,1996,2007,519,724,0.418,0,-205,1243,0,0,,3,5,4.6,42,0,0,0,0,as player,
41,David Bell,4,2019,2022,251,295,0.46,0,-44,546,0,2,0,2,4,3.5,20,1,0,0,0,as player,
42,William Bell,3,1935,1948,59,76,0.437,4,-17,139,0,0,,3,8,4.6,,0,0,0,0,as player,
43,Vern Benson,1,1977,1977,1,0,1,0,1,1,0,0,,6,6,6,0,0,0,0,0,as player,
44,Yogi Berra HOF,7,1964,1985,484,444,0.522,2,40,930,9,10,0.474,1,5,2.6,13,2,0,2,1,as player,
45,Terry Bevington,3,1995,1997,222,214,0.509,1,8,437,0,0,,2,3,2.3,8,0,0,0,0,,
46,Hugo Bezdek,3,1917,1919,166,187,0.47,3,-21,356,0,0,,4,8,5,7,0,0,0,0,,
47,John Bickerton,1,1884,1884,0,1,0,0,-1,1,0,0,,12,12,12,0,0,0,0,0,,
48,Joe Birmingham,4,1912,1915,170,191,0.471,7,-21,368,0,0,,3,8,5.6,7,0,0,0,0,as player,plyr/mgr: 1912-1914
49,Del Bissonette,1,1945,1945,25,34,0.424,1,-9,60,0,0,,6,6,6,1,0,0,0,0,as player,
50,Bud Black,15,2007,2022,1066,1166,0.478,0,-100,2232,1,4,0.2,2,5,3.6,34,2,0,0,0,as player,
51,Lena Blackburne,2,1928,1929,99,133,0.427,0,-34,232,0,0,,5,7,6.3,2,0,0,0,0,as player,plyr/mgr: 1929
52,Ray Blades,3,1939,1948,107,85,0.557,3,22,195,0,0,,2,3,2.2,1,0,0,0,0,as player,
53,Walter Blair,1,1915,1915,1,1,0.5,0,0,2,0,0,,6,6,6,0,0,0,0,0,as player,plyr/mgr: 1915
54,Ossie Bluege,5,1943,1947,375,394,0.488,3,-19,772,0,0,,2,8,4.6,4,0,0,0,0,as player,
55,Bruce Bochy,25,1995,2019,2003,2029,0.497,0,-26,4032,44,33,0.571,1,5,3,77,8,3,4,4,as player,
56,Tim Bogar,1,2014,2014,14,8,0.636,0,6,22,0,0,,5,5,5,0,0,0,0,0,as player,
57,John Boles,4,1996,2001,205,241,0.46,0,-36,446,0,0,,3,5,3.7,5,0,0,0,0,,
58,Tommy Bond,1,1882,1882,2,4,0.333,0,-2,6,0,0,,8,8,8,0,0,0,0,0,as player,plyr/mgr: 1882
59,Aaron Boone,5,2018,2022,427,281,0.603,0,146,708,14,17,0.452,1,2,1.5,26,5,0,0,0,as player,
60,Alonzo Boone,1,1948,1948,39,37,0.513,2,2,78,0,0,,3,3,3,,0,0,0,0,as player,
61,Bob Boone,6,1995,2003,371,444,0.455,0,-73,815,0,0,,2,5,4.1,8,0,0,0,0,as player,
62,Steve Boros,3,1983,1986,168,200,0.457,0,-32,368,0,0,,4,4,4,1,0,0,0,0,as player,
63,Jim Bottomley HOF,1,1937,1937,21,56,0.273,1,-35,78,0,0,,8,8,8,0,0,0,0,0,as player,plyr/mgr: 1937
64,Lou Boudreau HOF,16,1942,1960,1162,1224,0.487,18,-62,2404,4,2,0.667,1,8,4.8,17,1,1,1,1,as player,plyr/mgr: 1942-1952
65,Larry Bowa,6,1987,2004,418,435,0.49,0,-17,853,0,0,,2,6,3.2,29,0,0,0,0,as player,
66,Frank Bowerman,1,1909,1909,22,54,0.289,0,-32,76,0,0,,8,8,8,0,0,0,0,0,as player,plyr/mgr: 1909
67,Bill Boyd,1,1875,1875,0,2,0,0,-2,2,0,0,,12,12,12,0,0,0,0,0,as player,plyr/mgr: 1875
68,Ken Boyer,3,1978,1980,166,190,0.466,1,-24,357,0,0,,3,5,3.9,4,0,0,0,0,as player,
69,Bill Bradley,2,1905,1914,97,98,0.497,3,-1,198,0,0,,5,5,5,4,0,0,0,0,as player,plyr/mgr: 1905-1914
70,Bobby Bragan,7,1956,1966,443,478,0.481,6,-35,927,0,0,,4,7,5.7,19,0,0,0,0,as player,
71,Bob Brenly,4,2001,2004,303,262,0.536,0,41,565,11,9,0.55,1,5,2.1,11,2,1,1,1,as player,
72,Roger Bresnahan HOF,5,1909,1915,328,432,0.432,14,-104,774,0,0,,4,7,5.8,29,0,0,0,0,as player,plyr/mgr: 1909-1915
73,Otto Briggs,2,1927,1934,36,59,0.379,1,-23,96,0,0,,6,7,6.3,,0,0,0,0,as player,
74,Dave Bristol,11,1966,1980,657,764,0.462,3,-107,1424,0,0,,3,7,4.9,37,0,0,0,0,,
75,Daren Brown,1,2010,2010,19,31,0.38,0,-12,50,0,0,,4,4,4,0,0,0,0,0,,
76,Freeman Brown,1,1882,1882,9,32,0.22,0,-23,41,0,0,,8,8,8,0,0,0,0,0,,
77,Jim Brown,3,1929,1932,128,119,0.518,1,9,248,0,0,,3,12,4.7,,0,0,0,0,as player,
78,Larry Brown,6,1935,1948,176,267,0.397,13,-91,456,0,0,,4,6,5.2,,0,0,0,0,as player,
79,Mordecai Brown HOF,1,1914,1914,50,63,0.442,1,-13,114,0,0,,8,8,8,1,0,0,0,0,as player,plyr/mgr: 1914
80,Tom Brown,2,1897,1898,64,72,0.471,1,-8,137,0,0,,6,11,7.4,2,0,0,0,0,as player,plyr/mgr: 1897-1898
81,Earle Brucker,1,1952,1952,3,2,0.6,0,1,5,0,0,,6,6,6,0,0,0,0,0,as player,
82,Al Buckenberger,9,1889,1904,488,539,0.475,16,-51,1043,0,0,,2,11,5.1,0,0,0,0,0,,
83,Charlie Buffinton,1,1890,1890,61,54,0.53,1,7,116,0,0,,5,5,5,0,0,0,0,0,as player,plyr/mgr: 1890
84,Walter Burch,1,1942,1942,13,9,0.591,1,4,23,0,0,,1,1,1,,0,0,0,0,as player,
85,Jack Burdock,1,1883,1883,30,24,0.556,0,6,54,0,0,,1,1,1,0,0,0,0,0,as player,plyr/mgr: 1883
86,Jimmy Burke,4,1905,1920,206,236,0.466,3,-30,445,0,0,,4,6,4.9,1,0,0,0,0,as player,plyr/mgr: 1905
87,Tex Burnett,5,1937,1943,72,131,0.355,5,-59,208,0,0,,2,7,4.7,,0,0,0,0,as player,
88,Watch Burnham,1,1887,1887,6,22,0.214,0,-16,28,0,0,,8,8,8,0,0,0,0,0,,
89,Tom Burns,3,1892,1899,187,170,0.524,7,17,364,0,0,,4,8,5.9,0,0,0,0,0,as player,plyr/mgr: 1892
90,Bill Burwell,1,1947,1947,1,0,1,0,1,1,0,0,,7,7,7,0,0,0,0,0,as player,
91,Donie Bush,7,1923,1933,497,539,0.48,9,-42,1045,0,4,0,1,8,4.9,18,1,0,1,0,as player,plyr/mgr: 1923
92,Ormond Butler,1,1883,1883,17,36,0.321,0,-19,53,0,0,,7,7,7,0,0,0,0,0,,
93,Charlie Byrne,3,1885,1887,174,172,0.503,8,2,354,0,0,,3,6,4.6,0,0,0,0,0,,
94,Miguel Cairo,1,2022,2022,18,16,0.529,0,2,34,0,0,,2,2,2,1,0,0,0,0,as player,
95,Jimmy Callahan,7,1903,1917,394,458,0.462,14,-64,866,0,0,,3,8,5.8,15,0,0,0,0,as player,plyr/mgr: 1903-1913
96,Mickey Callaway,2,2018,2019,163,161,0.503,0,2,324,0,0,,3,4,3.5,6,0,0,0,0,as player,
97,Count Campau,1,1890,1890,27,14,0.659,1,13,42,0,0,,3,3,3,0,0,0,0,0,as player,plyr/mgr: 1890
98,Walter Cannady,1,1938,1938,11,28,0.282,1,-17,40,0,0,,6,6,6,,0,0,0,0,as player,
99,Joe Cantillon,3,1907,1909,158,297,0.347,10,-139,465,0,0,,7,8,7.7,3,0,0,0,0,,
100,Max Carey HOF,2,1932,1933,146,161,0.476,4,-15,311,0,0,,3,6,4.5,7,0,0,0,0,as player,
101,Tom Carey,2,1873,1874,27,21,0.563,1,6,49,0,0,,2,3,2.5,0,0,0,0,0,as player,plyr/mgr: 1873-1874
102,Bill Carrigan,7,1913,1929,489,500,0.494,14,-11,1003,8,2,0.8,1,8,4.6,7,2,2,2,0,as player,plyr/mgr: 1913-1916
103,Bob Caruthers,1,1892,1892,16,32,0.333,2,-16,50,0,0,,11,11,11,0,0,0,0,0,as player,plyr/mgr: 1892
104,Kevin Cash,8,2015,2022,640,554,0.536,0,86,1194,15,17,0.469,1,5,2.9,13,4,0,1,1,as player,
105,Phil Cavarretta,3,1951,1953,169,213,0.442,2,-44,384,0,0,,5,8,6.4,8,0,0,0,0,as player,plyr/mgr: 1951-1953
106,Ollie Caylor,3,1885,1887,163,182,0.472,8,-19,353,0,0,,2,7,4.6,0,0,0,0,0,,
107,Pelayo Chacón,5,1923,1927,103,112,0.479,3,-9,218,0,0,,2,8,4.6,,0,0,0,0,as player,
108,Frank Chance HOF,11,1905,1923,946,648,0.593,26,298,1620,11,9,0.55,1,8,3.1,15,4,2,4,0,as player,plyr/mgr: 1905-1914
109,Ben Chapman,4,1945,1948,196,276,0.415,2,-80,474,0,0,,5,8,6.7,10,0,0,0,0,as player,plyr/mgr: 1945-1946
110,Jack Chapman,11,1876,1892,350,501,0.411,16,-151,867,3,3,0.5,1,11,6.1,0,0,0,1,0,as player,plyr/mgr: 1876
111,Oscar Charleston HOF,14,1924,1948,420,377,0.527,7,43,804,4,3,0.571,1,7,3,,3,0,3,0,as player,
112,Hal Chase,2,1910,1911,86,80,0.518,1,6,167,0,0,,2,6,5.7,0,0,0,0,0,as player,plyr/mgr: 1910-1911
113,John Clapp,6,1872,1883,174,237,0.423,9,-63,420,0,0,,3,9,6,0,0,0,0,0,as player,plyr/mgr: 1872-1883
114,Dave Clark,1,2009,2009,4,9,0.308,0,-5,13,0,0,,5,5,5,0,0,0,0,0,as player,
115,Bob Clarke,2,1936,1937,45,48,0.484,3,-3,96,0,0,,2,4,3.2,,0,0,0,0,as player,
116,Fred Clarke HOF,19,1897,1915,1602,1181,0.576,43,421,2826,7,8,0.467,1,11,3.7,35,2,1,4,0,as player,plyr/mgr: 1897-1915
117,Jack Clements,1,1890,1890,13,6,0.684,0,7,19,0,0,,3,3,3,0,0,0,0,0,as player,plyr/mgr: 1890
118,Jim Clinton,1,1872,1872,0,11,0,0,-11,11,0,0,,9,9,9,0,0,0,0,0,as player,plyr/mgr: 1872
119,Ty Cobb HOF,6,1921,1926,479,444,0.519,10,35,933,0,0,,2,6,4,5,0,0,0,0,as player,plyr/mgr: 1921-1926
120,Mickey Cochrane HOF,5,1934,1938,348,250,0.582,2,98,600,7,6,0.538,1,4,1.8,0,2,1,2,1,as player,plyr/mgr: 1934-1937
121,Phil Cockrell,2,1929,1932,44,36,0.55,4,8,84,0,0,,3,7,3.2,,0,0,0,0,as player,
122,Andy Cohen,1,1960,1960,1,0,1,0,1,1,0,0,,8,8,8,0,0,0,0,0,as player,
123,Bob Coleman,3,1943,1945,128,165,0.437,2,-37,295,0,0,,6,6,6,0,0,0,0,0,as player,
124,Jerry Coleman,1,1980,1980,73,89,0.451,1,-16,163,0,0,,6,6,6,3,0,0,0,0,as player,
125,Eddie Collins HOF,3,1924,1926,174,160,0.521,2,14,336,0,0,,5,6,5.1,2,0,0,0,0,as player,plyr/mgr: 1924-1926
126,Jimmy Collins HOF,6,1901,1906,455,376,0.548,11,79,842,5,3,0.625,1,8,3,6,1,1,2,0,as player,plyr/mgr: 1901-1906
127,Shano Collins,2,1931,1932,73,134,0.353,1,-61,208,0,0,,6,8,6.5,0,0,0,0,0,as player,
128,Terry Collins,13,1994,2017,995,1017,0.495,0,-22,2012,8,7,0.533,1,4,2.6,40,2,0,1,1,,
129,Charlie Comiskey HOF,12,1883,1894,839,540,0.608,29,299,1408,16,21,0.432,1,10,3.4,2,0,1,4,0,as player,plyr/mgr: 1883-1894
130,Roger Connor HOF,1,1896,1896,8,37,0.178,1,-29,46,0,0,,11,11,11,0,0,0,0,0,as player,plyr/mgr: 1896
131,Dusty Cooke,1,1948,1948,6,6,0.5,1,0,13,0,0,,6,6,6,0,0,0,0,0,as player,
132,Jack Coombs,1,1919,1919,18,44,0.29,1,-26,63,0,0,,8,8,8,0,0,0,0,0,as player,
133,Johnny Cooney,1,1949,1949,20,25,0.444,1,-5,46,0,0,,4,4,4,0,0,0,0,0,as player,
134,Andy Cooper HOF,4,1937,1940,173,89,0.66,4,84,266,9,2,0.818,1,1,1,,3,0,3,0,as player,
135,Cecil Cooper,3,2007,2009,171,170,0.501,0,1,341,0,0,,3,4,3.5,9,0,0,0,0,as player,
136,Don Cooper,1,2011,2011,1,1,0.5,0,0,2,0,0,,3,3,3,0,0,0,0,0,as player,
137,Alex Cora,4,2018,2022,362,286,0.559,0,76,648,17,8,0.68,1,5,2.8,9,2,1,1,1,as player,
138,Pat Corrales,9,1978,1987,572,634,0.474,5,-62,1211,0,0,,1,7,4.6,38,0,0,0,0,as player,
139,Red Corriden,1,1950,1950,52,72,0.419,1,-20,125,0,0,,6,6,6,0,0,0,0,0,as player,
140,Chuck Cottier,3,1984,1986,98,119,0.452,0,-21,217,0,0,,5,7,6,5,0,0,0,0,as player,
141,Craig Counsell,8,2015,2022,615,555,0.526,0,60,1170,7,10,0.412,1,4,2.3,25,4,0,0,0,as player,
142,Bobby Cox HOF,29,1978,2010,2504,2001,0.556,3,503,4508,67,69,0.493,1,6,2.4,162,16,1,5,5,as player,
143,Roosevelt Cox,1,1937,1937,1,6,0.143,0,-5,7,0,0,,6,6,6,,0,0,0,0,as player,
144,Harry Craft,7,1957,1964,360,485,0.426,4,-125,849,0,0,,7,9,7.9,11,0,0,0,0,as player,
145,Roger Craig,10,1978,1992,738,737,0.5,0,1,1475,7,9,0.438,1,6,3.4,13,2,0,1,1,as player,
146,Del Crandall,6,1972,1984,364,469,0.437,0,-105,833,0,0,,5,7,5.4,9,0,0,0,0,as player,
147,Sam Crane,2,1880,1884,73,79,0.48,2,-6,154,0,0,,3,7,5.2,0,0,0,0,0,as player,plyr/mgr: 1880-1884
148,Gavvy Cravath,2,1919,1920,91,137,0.399,0,-46,228,0,0,,8,8,8,1,0,0,0,0,as player,plyr/mgr: 1919-1920
149,Bill Craver,5,1871,1876,91,101,0.474,3,-10,195,0,0,,2,11,4.9,0,0,0,0,0,as player,plyr/mgr: 1871-1875
150,Sam Crawford,6,1921,1928,166,163,0.505,4,3,333,0,0,,1,8,3.2,,0,0,0,0,as player,
151,George Creamer,1,1884,1884,0,8,0,0,-8,8,0,0,,10,10,10,0,0,0,0,0,as player,plyr/mgr: 1884
152,Joe Cronin HOF,15,1933,1947,1236,1055,0.54,24,181,2315,4,8,0.333,1,7,3.9,8,2,0,2,3,as player,plyr/mgr: 1933-1945
153,Jack Crooks,1,1892,1892,27,33,0.45,2,-6,62,0,0,,9,11,9.5,2,0,0,0,0,as player,plyr/mgr: 1892
154,Lave Cross,1,1899,1899,8,30,0.211,0,-22,38,0,0,,12,12,12,2,0,0,0,0,as player,plyr/mgr: 1899
155,Mike Cubbage,1,1991,1991,3,4,0.429,0,-1,7,0,0,,5,5,5,0,0,0,0,0,as player,
156,Homer Curry,8,1932,1947,223,227,0.496,13,-4,463,0,0,,3,9,5.1,,0,0,0,0,as player,
157,Ed Curtis,1,1884,1884,6,19,0.24,0,-13,25,0,0,,10,10,10,0,0,0,0,0,,
158,Charlie Cushman,1,1891,1891,21,15,0.583,0,6,36,0,0,,3,3,3,0,0,0,0,0,,
159,Ned Cuthbert,1,1882,1882,37,43,0.463,0,-6,80,0,0,,5,5,5,0,0,0,0,0,as player,plyr/mgr: 1882
160,Bill Dahlen,4,1910,1913,251,355,0.414,9,-104,615,0,0,,6,7,6.5,36,0,0,0,0,as player,plyr/mgr: 1910-1911
161,Al Dark,13,1961,1977,994,954,0.51,2,40,1950,10,9,0.526,1,10,4,25,3,1,2,2,as player,
162,Jim Davenport,1,1985,1985,56,88,0.389,0,-32,144,0,0,,6,6,6,0,0,0,0,0,as player,
163,Mordecai Davidson,1,1888,1888,35,54,0.393,4,-19,93,0,0,,7,7,7,0,0,0,0,0,,
164,George Davis HOF,3,1895,1901,107,139,0.435,6,-32,252,0,0,,7,9,7.6,4,0,0,0,0,as player,plyr/mgr: 1895-1901
165,Harry Davis,1,1912,1912,54,71,0.432,2,-17,127,0,0,,5,5,5,1,0,0,0,0,as player,plyr/mgr: 1912
166,Piper Davis,1,1948,1948,51,27,0.654,1,24,79,5,7,0.417,2,2,2,,1,0,1,0,as player,
167,Virgil Davis,1,1946,1946,1,2,0.333,0,-1,3,0,0,,7,7,7,0,0,0,0,0,as player,
168,John Day,1,1899,1899,29,35,0.453,2,-6,66,0,0,,10,10,10,0,0,0,0,0,,
169,Harry Deane,1,1871,1871,2,3,0.4,0,-1,5,0,0,,8,8,8,0,0,0,0,0,as player,plyr/mgr: 1871
170,Tony DeFrancesco,1,2012,2012,16,25,0.39,0,-9,41,0,0,,6,6,6,0,0,0,0,0,,
171,Bingo DeMoss,8,1926,1944,297,304,0.494,1,-7,602,3,4,0.429,3,6,4.4,,1,0,0,0,as player,
172,Bucky Dent,2,1989,1990,36,53,0.404,0,-17,89,0,0,,5,7,6.1,1,0,0,0,0,as player,
173,Bill Dickey HOF,1,1946,1946,57,48,0.543,0,9,105,0,0,,3,3,3,0,0,0,0,0,as player,plyr/mgr: 1946
174,Harry Diddlebock,1,1896,1896,7,10,0.412,0,-3,17,0,0,,11,11,11,0,0,0,0,0,,
175,Larry Dierker,5,1997,2001,435,348,0.556,0,87,783,2,12,0.143,1,4,1.6,6,4,0,0,0,as player,
176,Martín Dihigo HOF,2,1935,1936,58,51,0.532,6,7,115,3,4,0.429,2,4,3,,1,0,0,0,as player,
177,Dizzy Dismukes,9,1922,1938,199,280,0.415,6,-81,485,0,0,,1,8,5.3,,0,0,0,0,as player,
178,Rap Dixon,1,1934,1934,4,9,0.308,2,-5,15,0,0,,5,5,5,,0,0,0,0,as player,
179,Larry Doby HOF,1,1978,1978,37,50,0.425,0,-13,87,0,0,,5,5,5,3,0,0,0,0,as player,
180,Bill Donovan,4,1915,1921,245,301,0.449,6,-56,552,0,0,,4,8,5.5,5,0,0,0,0,as player,plyr/mgr: 1915-1916
181,Patsy Donovan,11,1897,1911,684,879,0.438,34,-195,1597,0,0,,4,8,6,6,0,0,0,0,as player,plyr/mgr: 1897-1907
182,Red Dooin,5,1910,1914,392,370,0.514,13,22,775,0,0,,2,6,4.2,21,0,0,0,0,as player,plyr/mgr: 1910-1914
183,Mike Dorgan,3,1879,1881,67,70,0.489,1,-3,138,0,0,,2,8,6,0,0,0,0,0,as player,plyr/mgr: 1879-1881
184,Eddie Douglass,3,1923,1925,45,61,0.425,3,-16,109,0,0,,3,6,4.8,,0,0,0,0,as player,
185,Tommy Dowd,2,1896,1897,31,60,0.341,1,-29,92,0,0,,11,12,11.3,0,0,0,0,0,as player,plyr/mgr: 1896-1897
186,Bunny Downs,1,1943,1943,25,29,0.463,2,-4,56,0,0,,6,6,6,,0,0,0,0,as player,
187,Jack Doyle,2,1895,1898,40,40,0.5,1,0,81,0,0,,9,11,9.4,2,0,0,0,0,as player,plyr/mgr: 1895-1898
188,Reinaldo Drake,1,1947,1947,4,9,0.308,1,-5,14,0,0,,5,5,5,,0,0,0,0,as player,
189,Chuck Dressen,16,1934,1966,1008,973,0.509,9,35,1990,5,8,0.385,1,8,4.5,18,2,0,2,1,as player,
190,Hugh Duffy HOF,8,1901,1922,535,671,0.444,15,-136,1221,0,0,,4,8,5.8,10,0,0,0,0,as player,plyr/mgr: 1901-1906
191,Frank Duncan,3,1926,1928,19,59,0.244,0,-40,78,0,0,,6,8,6.7,,0,0,0,0,as player,
192,Frank Duncan,6,1942,1947,281,212,0.57,7,69,500,7,4,0.636,1,4,2,,2,1,2,0,as player,
193,Fred Dunlap,4,1882,1889,145,102,0.587,5,43,252,0,0,,1,8,4.5,0,0,0,1,0,as player,plyr/mgr: 1882-1889
194,Jake Dunn,2,1939,1940,40,40,0.5,1,0,81,2,3,0.4,4,6,4.7,,1,0,0,0,as player,
195,Leo Durocher HOF,24,1939,1973,2008,1709,0.54,22,299,3739,7,8,0.467,1,10,3.2,100,3,1,3,4,as player,plyr/mgr: 1939-1945
196,Frank Dwyer,1,1902,1902,52,83,0.385,2,-31,137,0,0,,7,7,7,0,0,0,0,0,as player,
197,Eddie Dyer,5,1946,1950,446,325,0.578,6,121,777,4,3,0.571,1,5,2.4,6,1,1,1,1,as player,
198,Jimmy Dykes,21,1934,1961,1406,1541,0.477,15,-135,2962,0,0,,3,8,5.1,51,0,0,0,0,as player,plyr/mgr: 1934-1939
199,Charlie Ebbets,1,1898,1898,38,68,0.358,4,-30,110,0,0,,10,10,10,0,0,0,0,0,,
200,Doc Edwards,3,1987,1989,173,207,0.455,0,-34,380,0,0,,6,7,6.2,2,0,0,0,0,as player,
201,Mack Eggleston,1,1925,1925,7,12,0.368,2,-5,21,0,0,,7,7,7,,0,0,0,0,as player,
202,Kid Elberfeld,1,1908,1908,27,71,0.276,0,-44,98,0,0,,8,8,8,4,0,0,0,0,as player,plyr/mgr: 1908
203,Lee Elia,4,1982,1988,238,300,0.442,1,-62,539,0,0,,4,6,5.1,9,0,0,0,0,as player,
204,Joe Ellick,1,1884,1884,6,6,0.5,1,0,13,0,0,,5,5,5,0,0,0,0,0,as player,plyr/mgr: 1884
205,Bob Elliott,1,1960,1960,58,96,0.377,1,-38,155,0,0,,8,8,8,0,0,0,0,0,as player,
206,Jewel Ens,3,1929,1931,176,167,0.513,1,9,344,0,0,,2,5,4.7,0,0,0,0,0,as player,
207,Cal Ermer,2,1967,1968,145,129,0.529,2,16,276,0,0,,2,7,4.9,7,0,0,0,0,as player,
208,Jim Essian,1,1991,1991,59,63,0.484,0,-4,122,0,0,,4,4,4,1,0,0,0,0,as player,
209,Dude Esterbrook,1,1889,1889,2,8,0.2,0,-6,10,0,0,,8,8,8,0,0,0,0,0,as player,plyr/mgr: 1889
210,Johnny Evers HOF,3,1913,1924,180,192,0.484,3,-12,375,0,0,,3,8,5.6,13,0,0,0,0,as player,plyr/mgr: 1913
211,Buck Ewing HOF,7,1890,1900,489,395,0.553,19,94,903,0,0,,3,8,4.7,1,0,0,0,0,as player,plyr/mgr: 1890-1897
212,Jay Faatz,1,1890,1890,9,24,0.273,1,-15,34,0,0,,8,8,8,0,0,0,0,0,as player,plyr/mgr: 1890
213,Bibb Falk,1,1933,1933,1,0,1,0,1,1,0,0,,4,4,4,0,0,0,0,0,as player,
214,Jim Fanning,3,1981,1984,116,103,0.53,0,13,219,5,5,0.5,1,5,3,2,1,0,0,0,as player,
215,Jack Farrell,1,1881,1881,24,27,0.471,0,-3,51,0,0,,2,2,2,0,0,0,0,0,as player,plyr/mgr: 1881
216,John Farrell,7,2011,2017,586,548,0.517,0,38,1134,12,11,0.522,1,5,3,18,3,1,1,1,as player,
217,Kerby Farrell,1,1957,1957,76,77,0.497,0,-1,153,0,0,,6,6,6,4,0,0,0,0,as player,
218,John Felske,3,1985,1987,190,194,0.495,0,-4,384,0,0,,2,5,3.6,1,0,0,0,0,as player,
219,Bob Ferguson,16,1871,1887,417,516,0.447,16,-99,949,0,0,,3,10,5.5,0,0,0,0,0,as player,plyr/mgr: 1871-1884
220,José María Fernández,12,1928,1948,280,326,0.462,18,-46,624,4,1,0.8,1,7,4.1,,2,1,1,0,as player,
221,Mike Ferraro,2,1983,1986,76,98,0.437,0,-22,174,0,0,,3,7,5.3,3,0,0,0,0,as player,
222,Wally Fessenden,1,1890,1890,4,7,0.364,0,-3,11,0,0,,6,6,6,0,0,0,0,0,,
223,Freddie Fitzsimmons,3,1943,1945,104,180,0.366,2,-76,286,0,0,,7,8,7.8,1,0,0,0,0,as player,
224,Art Fletcher,5,1923,1929,237,383,0.382,3,-146,623,0,0,,2,8,7.2,12,0,0,0,0,as player,
225,Silver Flint,1,1879,1879,5,12,0.294,2,-7,19,0,0,,4,4,4,0,0,0,0,0,as player,plyr/mgr: 1879
226,Jim Fogarty,1,1890,1890,7,9,0.438,0,-2,16,0,0,,5,5,5,0,0,0,0,0,as player,plyr/mgr: 1890
227,Horace Fogel,2,1887,1902,38,72,0.345,4,-34,114,0,0,,8,8,8,0,0,0,0,0,,
228,Lee Fohl,11,1915,1926,713,792,0.474,16,-79,1521,0,0,,2,8,5,4,0,0,0,0,as player,
229,Lew Fonseca,3,1932,1934,120,196,0.38,2,-76,318,0,0,,6,8,6.6,1,0,0,0,0,as player,plyr/mgr: 1932-1933
230,Rube Foster HOF,7,1920,1926,336,195,0.633,11,141,542,0,0,,1,3,2,,3,0,3,0,,
231,Dave Foutz,4,1893,1896,264,257,0.507,11,7,532,0,0,,5,10,6.7,0,0,0,0,0,as player,plyr/mgr: 1893-1896
232,Charlie Fox,7,1970,1983,377,371,0.504,0,6,748,1,3,0.25,1,6,3.4,4,1,0,0,0,as player,
233,Terry Francona,22,1997,2022,1874,1586,0.542,0,288,3460,44,34,0.564,1,5,2.4,47,11,2,3,2,as player,
234,Herman Franks,7,1965,1979,605,521,0.537,2,84,1128,0,0,,2,5,2.8,16,0,0,0,0,as player,
235,George Frazier,1,1890,1890,51,65,0.44,1,-14,117,0,0,,6,6,6,0,0,0,0,0,,
236,Joe Frazier,2,1976,1977,101,106,0.488,0,-5,207,0,0,,3,6,3.7,3,0,0,0,0,as player,
237,Jim Fregosi,15,1978,2000,1028,1094,0.484,0,-66,2122,7,9,0.438,1,6,3.7,46,2,0,1,1,as player,
238,Jim Frey,5,1980,1986,323,287,0.53,1,36,611,7,7,0.5,1,5,2.5,13,2,0,1,1,,
239,Frankie Frisch HOF,16,1933,1951,1138,1078,0.514,30,60,2246,4,3,0.571,1,8,4.3,88,1,1,1,1,as player,plyr/mgr: 1933-1937
240,Judge Fuchs,1,1929,1929,56,98,0.364,0,-42,154,0,0,,8,8,8,0,0,0,0,0,,
241,John Gaffney,2,1886,1887,61,101,0.377,7,-40,169,0,0,,7,8,7.3,0,0,0,0,0,,
242,Matt Galante,1,1999,1999,13,14,0.481,0,-1,27,0,0,,2,2,2,0,0,0,0,0,,
243,Pud Galvin HOF,1,1885,1885,7,17,0.292,0,-10,24,0,0,,7,7,7,0,0,0,0,0,as player,plyr/mgr: 1885
244,Judy Gans,2,1924,1925,39,60,0.394,3,-21,102,0,0,,3,8,4.8,,0,0,0,0,as player,
245,John Ganzel,2,1908,1915,90,99,0.476,1,-9,190,0,0,,5,7,5.4,3,0,0,0,0,as player,plyr/mgr: 1908
246,Dave Garcia,6,1977,1982,307,311,0.497,0,-4,618,0,0,,2,7,5.7,2,0,0,0,0,,
247,Ron Gardenhire,16,2002,2020,1200,1280,0.484,0,-80,2480,6,21,0.222,1,5,2.8,84,6,0,0,0,as player,
248,Billy Gardner,6,1981,1987,330,417,0.442,0,-87,747,0,0,,2,7,4.6,12,0,0,0,0,as player,
249,Phil Garner,15,1992,2007,985,1054,0.483,1,-69,2040,13,13,0.5,2,7,3.8,44,2,0,1,1,as player,
250,Cito Gaston,12,1989,2010,894,837,0.516,0,57,1731,18,16,0.529,1,5,2.9,27,4,2,2,2,as player,
251,Bill Gatewood,2,1922,1930,41,57,0.418,2,-16,100,0,0,,5,5,5,,0,0,0,0,as player,
252,Bob Geren,5,2007,2011,334,376,0.47,0,-42,710,0,0,,2,4,3.1,10,0,0,0,0,as player,
253,Joe Gerhardt,2,1883,1890,72,61,0.541,3,11,136,0,0,,3,5,4.4,0,0,0,0,0,as player,plyr/mgr: 1883-1890
254,Doc Gessler,1,1914,1914,3,8,0.273,0,-5,11,0,0,,7,7,7,0,0,0,0,0,as player,
255,John Gibbons,11,2004,2018,793,789,0.501,0,4,1582,10,10,0.5,1,5,3.2,53,2,0,0,0,as player,
256,George Gibson,7,1920,1934,413,344,0.546,2,69,759,0,0,,2,8,2.9,7,0,0,0,0,as player,
257,Kirk Gibson,5,2010,2014,353,375,0.485,0,-22,728,2,3,0.4,1,5,3,10,1,0,0,0,as player,
258,Jim Gifford,3,1884,1886,74,136,0.352,2,-62,212,0,0,,7,11,8.6,0,0,0,0,0,,
259,George Giles,1,1935,1935,27,26,0.509,0,1,53,0,0,,5,5,5,,0,0,0,0,as player,
260,Joe Girardi,14,2006,2022,1120,935,0.545,0,185,2055,28,24,0.538,1,4,2.3,43,6,1,1,1,as player,
261,Carl Glass,3,1924,1929,68,92,0.425,3,-24,163,0,0,,6,7,6.1,,0,0,0,0,as player,
262,Jack Glasscock,2,1889,1892,35,35,0.5,1,0,71,0,0,,7,9,7.1,0,0,0,0,0,as player,plyr/mgr: 1889-1892
263,Kid Gleason,5,1919,1923,392,364,0.519,3,28,759,3,5,0.375,1,7,4.5,3,1,0,1,0,as player,
264,Preston Gomez,7,1969,1980,346,529,0.395,0,-183,875,0,0,,4,6,5.6,7,0,0,0,0,as player,
265,Fredi González,10,2007,2016,710,692,0.506,0,18,1402,1,4,0.2,1,5,2.8,26,2,0,0,0,,
266,Mike González,2,1938,1940,9,13,0.409,1,-4,23,0,0,,3,6,5.2,0,0,0,0,0,as player,
267,Joe Gordon HOF,5,1958,1969,305,308,0.498,2,-3,615,0,0,,2,9,4.2,12,0,0,0,0,as player,
268,George Gore,1,1892,1892,6,9,0.4,1,-3,16,0,0,,11,11,11,0,0,0,0,0,as player,plyr/mgr: 1892
269,Johnny Goryl,2,1980,1981,34,38,0.472,1,-4,73,0,0,,3,7,5,1,0,0,0,0,as player,
270,Charlie Gould,2,1875,1876,11,77,0.125,0,-66,88,0,0,,8,8,8,0,0,0,0,0,as player,plyr/mgr: 1875-1876
271,Hank Gowdy,1,1946,1946,3,1,0.75,0,2,4,0,0,,6,6,6,0,0,0,0,0,as player,
272,Mase Graffen,1,1876,1876,39,17,0.696,0,22,56,0,0,,2,2,2,0,0,0,0,0,,
273,Alex Grammas,3,1969,1977,137,191,0.418,0,-54,328,0,0,,3,6,6,3,0,0,0,0,as player,
274,Andy Green,4,2016,2019,274,366,0.428,0,-92,640,0,0,,4,5,4.5,12,0,0,0,0,as player,
275,Dallas Green,8,1979,1996,454,478,0.487,0,-24,932,9,7,0.562,1,7,3.3,18,2,1,1,1,as player,
276,Joe Green,2,1920,1921,18,75,0.194,3,-57,96,0,0,,8,8,8,,0,0,0,0,as player,
277,Mike Griffin,1,1898,1898,1,3,0.25,0,-2,4,0,0,,10,10,10,0,0,0,0,0,as player,plyr/mgr: 1898
278,Sandy Griffin,1,1891,1891,2,4,0.333,0,-2,6,0,0,,8,8,8,0,0,0,0,0,as player,plyr/mgr: 1891
279,Clark Griffith HOF,20,1901,1920,1491,1367,0.522,59,124,2917,0,0,,1,8,4.2,73,0,0,1,0,as player,plyr/mgr: 1901-1914
280,Burleigh Grimes HOF,2,1937,1938,131,171,0.434,4,-40,306,0,0,,6,7,6.5,15,0,0,0,0,as player,
281,Charlie Grimm,19,1932,1960,1287,1067,0.547,14,220,2368,5,12,0.294,1,8,3.3,24,3,0,3,2,as player,plyr/mgr: 1932-1936
282,Heinie Groh,1,1918,1918,7,3,0.7,0,4,10,0,0,,3,3,3,0,0,0,0,0,as player,plyr/mgr: 1918
283,Ozzie Guillen,9,2004,2012,747,710,0.513,0,37,1457,12,4,0.75,1,5,2.7,29,2,1,1,1,as player,
284,Don Gutteridge,2,1969,1970,109,172,0.388,0,-63,281,0,0,,5,6,5.5,0,0,0,0,0,as player,
285,Eddie Haas,1,1985,1985,50,71,0.413,0,-21,121,0,0,,5,5,5,1,0,0,0,0,as player,
286,Stan Hack,4,1954,1958,199,272,0.423,4,-73,475,0,0,,5,8,7,2,0,0,0,0,as player,
287,Charlie Hackett,2,1884,1885,50,99,0.336,1,-49,150,0,0,,5,7,6.5,0,0,0,0,0,,
288,Chip Hale,2,2015,2016,148,176,0.457,0,-28,324,0,0,,3,4,3.5,5,0,0,0,0,as player,
289,Blainey Hall,1,1923,1923,6,6,0.5,0,0,12,0,0,,6,6,6,,0,0,0,0,as player,
290,Bill Hallman,1,1897,1897,13,36,0.265,1,-23,50,0,0,,12,12,12,1,0,0,0,0,as player,plyr/mgr: 1897
291,Fred Haney,10,1939,1959,629,757,0.454,7,-128,1393,7,7,0.5,1,8,5,16,2,1,2,3,as player,
292,Ned Hanlon HOF,19,1889,1907,1313,1164,0.53,53,149,2530,0,0,,1,12,4.3,4,0,0,5,0,as player,plyr/mgr: 1889-1892
293,Mel Harder,2,1961,1962,3,0,1,0,3,3,0,0,,5,6,5.7,0,0,0,0,0,as player,
294,Mike Hargrove,16,1991,2007,1188,1173,0.503,2,15,2363,27,25,0.519,1,7,3.1,50,5,0,2,2,as player,
295,George Harney,1,1928,1928,18,19,0.486,0,-1,37,4,5,0.444,3,3,3,,1,0,0,0,as player,
296,Toby Harrah,1,1992,1992,32,44,0.421,0,-12,76,0,0,,4,4,4,0,0,0,0,0,as player,
297,Bud Harrelson,2,1990,1991,145,129,0.529,0,16,274,0,0,,2,5,3.7,4,0,0,0,0,as player,
298,Andy Harris,1,1926,1926,1,10,0.091,0,-9,11,0,0,,5,5,5,,0,0,0,0,as player,
299,Bucky Harris HOF,29,1924,1956,2158,2219,0.493,33,-61,4410,11,10,0.524,1,7,4.8,26,3,2,3,1,as player,plyr/mgr: 1924-1931
300,Lum Harris,8,1961,1972,466,488,0.488,2,-22,956,0,3,0,1,9,4.5,6,1,0,0,0,as player,
301,Vic Harris,11,1936,1948,547,278,0.663,20,269,845,10,15,0.4,1,4,1.7,,8,1,7,0,as player,
302,Jim Hart,3,1885,1889,202,174,0.537,7,28,383,0,0,,2,6,3.9,0,0,0,0,0,,
303,John Hart,1,1989,1989,8,11,0.421,0,-3,19,0,0,,6,6,6,0,0,0,0,0,,
304,Gabby Hartnett HOF,3,1938,1940,203,176,0.536,4,27,383,0,4,0,1,5,3.8,2,1,0,1,1,as player,plyr/mgr: 1938-1940
305,Roy Hartsfield,3,1977,1979,166,318,0.343,0,-152,484,0,0,,7,7,7,9,0,0,0,0,as player,
306,Scott Hastings,2,1871,1872,10,35,0.222,0,-25,45,0,0,,7,9,8.1,0,0,0,0,0,as player,plyr/mgr: 1871-1872
307,John Hatfield,2,1872,1873,35,31,0.53,2,4,68,0,0,,3,4,3.4,0,0,0,0,0,as player,plyr/mgr: 1872-1873
308,Grady Hatton,3,1966,1968,164,221,0.426,1,-57,386,0,0,,8,10,8.7,6,0,0,0,0,as player,
309,Buster Haywood,1,1948,1948,8,11,0.421,1,-3,20,0,0,,4,4,4,,0,0,0,0,as player,
310,Guy Hecker,1,1890,1890,23,113,0.169,2,-90,138,0,0,,8,8,8,0,0,0,0,0,as player,plyr/mgr: 1890
311,Don Heffner,1,1966,1966,37,46,0.446,0,-9,83,0,0,,7,7,7,0,0,0,0,0,as player,
312,Louie Heilbroner,1,1900,1900,23,25,0.479,2,-2,50,0,0,,5,5,5,0,0,0,0,0,,
313,Tommy Helms,2,1988,1989,28,36,0.438,0,-8,64,0,0,,2,5,3.7,1,0,0,0,0,as player,
314,Solly Hemus,3,1959,1961,190,192,0.497,2,-2,384,0,0,,3,7,5,11,0,0,0,0,as player,plyr/mgr: 1959
315,Bill Henderson,1,1884,1884,58,47,0.552,1,11,106,0,0,,4,4,4,0,0,0,0,0,,
316,Jack Hendricks,7,1918,1929,520,528,0.496,7,-8,1055,0,0,,2,8,4.8,1,0,0,0,0,as player,
317,Ed Hengel,1,1884,1884,34,39,0.466,1,-5,74,0,0,,5,5,5,0,0,0,0,0,,
318,Billy Herman HOF,4,1947,1966,189,274,0.408,2,-85,465,0,0,,7,9,8.3,4,0,0,0,0,as player,plyr/mgr: 1947
319,Buck Herzog,3,1914,1916,165,226,0.422,10,-61,401,0,0,,7,8,7.4,10,0,0,0,0,as player,plyr/mgr: 1914-1916
320,Whitey Herzog HOF,18,1973,1990,1281,1125,0.532,3,156,2409,26,25,0.51,1,6,2.6,42,6,1,3,3,as player,
321,Walter Hewett,1,1888,1888,10,29,0.256,1,-19,40,0,0,,8,8,8,0,0,0,0,0,,
322,Joe Hewitt,5,1923,1932,100,137,0.422,1,-37,238,3,4,0.429,2,10,6.1,,1,0,0,0,as player,
323,Nat Hicks,1,1875,1875,30,38,0.441,3,-8,71,0,0,,7,7,7,0,0,0,0,0,as player,plyr/mgr: 1875
324,Pinky Higgins,8,1955,1962,560,556,0.502,3,4,1119,0,0,,3,8,5.1,1,0,0,0,0,as player,
325,Dick Higham,1,1874,1874,29,11,0.725,0,18,40,0,0,,2,2,2,0,0,0,0,0,as player,plyr/mgr: 1874
326,Pete Hill HOF,5,1920,1925,141,160,0.468,3,-19,304,0,0,,2,11,5,,0,0,0,0,as player,
327,Trey Hillman,3,2008,2010,152,207,0.423,0,-55,359,0,0,,4,5,4.1,8,0,0,0,0,,
328,Vedie Himsl,1,1961,1961,10,21,0.323,1,-11,32,0,0,,6,7,6.7,0,0,0,0,0,,
329,A.J. Hinch,9,2009,2022,713,633,0.53,0,80,1346,28,22,0.56,1,5,2.6,20,4,1,2,1,as player,
330,Billy Hitchcock,5,1960,1967,274,261,0.512,0,13,535,0,0,,4,7,5.9,13,0,0,0,0,as player,
331,Butch Hobson,3,1992,1994,207,232,0.472,0,-25,439,0,0,,4,7,5.5,4,0,0,0,0,as player,
332,Gil Hodges HOF,9,1963,1971,660,753,0.467,1,-93,1414,7,1,0.875,1,10,6.2,7,1,1,1,1,as player,
333,Fred Hoey,1,1899,1899,31,55,0.36,1,-24,87,0,0,,10,10,10,0,0,0,0,0,,
334,Glenn Hoffman,1,1998,1998,47,41,0.534,0,6,88,0,0,,3,3,3,0,0,0,0,0,as player,
335,Bill Holbert,1,1879,1879,0,1,0,0,-1,1,0,0,,7,7,7,0,0,0,0,0,as player,plyr/mgr: 1879
336,Holly Hollingshead,2,1875,1884,16,66,0.195,0,-50,82,0,0,,10,12,11.5,0,0,0,0,0,as player,plyr/mgr: 1875
337,Tommy Holmes,2,1951,1952,61,69,0.469,0,-8,130,0,0,,4,7,4.8,2,0,0,0,0,as player,plyr/mgr: 1951
338,Rogers Hornsby HOF,14,1925,1953,701,812,0.463,17,-111,1530,4,3,0.571,1,8,5.1,5,1,1,1,0,as player,plyr/mgr: 1925-1937
339,Ralph Houk,20,1961,1984,1619,1531,0.514,7,88,3157,8,8,0.5,1,10,4.4,45,3,2,3,3,as player,
340,Frank Howard,2,1981,1983,93,133,0.412,0,-40,226,0,0,,6,6,6,2,0,0,0,0,as player,
341,Art Howe,14,1989,2004,1129,1137,0.498,0,-8,2266,6,9,0.4,1,6,3.4,26,3,0,0,0,as player,
342,Dan Howley,6,1927,1932,397,524,0.431,5,-127,926,0,0,,3,8,6.2,1,0,0,0,0,as player,
343,Dick Howser,8,1978,1986,507,425,0.544,1,82,933,8,15,0.348,1,3,1.5,8,4,1,1,1,as player,
344,Jesse Hubbard,1,1933,1933,20,23,0.465,1,-3,44,0,0,,7,7,7,,0,0,0,0,as player,
345,Eddie Huff,1,1926,1926,6,36,0.143,0,-30,42,0,0,,6,6,6,,0,0,0,0,as player,
346,George Huff,1,1907,1907,2,6,0.25,0,-4,8,0,0,,7,7,7,0,0,0,0,0,,
347,Miller Huggins HOF,17,1913,1929,1413,1134,0.555,23,279,2570,18,15,0.545,1,8,3.2,26,6,3,6,0,as player,plyr/mgr: 1913-1916
348,Billy Hunter,2,1977,1978,146,108,0.575,0,38,254,0,0,,2,2,2,6,0,0,0,0,as player,
349,Clint Hurdle,17,2002,2019,1269,1345,0.485,1,-76,2615,10,9,0.526,2,5,3.5,64,4,0,1,1,as player,
350,Tim Hurst,1,1898,1898,39,111,0.26,4,-72,154,0,0,,12,12,12,0,0,0,0,0,,
351,Fred Hutchinson,12,1952,1964,830,827,0.501,9,3,1666,1,4,0.2,1,8,4.2,45,1,0,1,2,as player,plyr/mgr: 1952-1953
352,Brandon Hyde,5,2011,2022,214,333,0.391,0,-119,547,0,0,,4,5,4.6,9,0,0,0,0,,
353,Arthur Irwin,8,1889,1899,416,427,0.493,20,-11,863,0,0,,1,12,6.1,0,0,0,1,0,as player,plyr/mgr: 1889-1894
354,Harry Jeffries,1,1928,1928,7,18,0.28,0,-11,25,0,0,,8,8,8,,0,0,0,0,as player,
355,Dan Jennings,1,2015,2015,55,69,0.444,0,-14,124,0,0,,3,3,3,3,0,0,0,0,,
356,Hughie Jennings HOF,16,1907,1925,1184,995,0.543,23,189,2202,4,12,0.25,1,7,3.5,24,3,0,3,0,as player,plyr/mgr: 1907-1918
357,Bill Johnson,1,1928,1928,2,7,0.222,0,-5,9,0,0,,5,5,5,,0,0,0,0,as player,
358,Darrell Johnson,8,1974,1982,472,590,0.444,1,-118,1063,6,4,0.6,1,7,4.8,31,1,0,1,1,as player,
359,Davey Johnson,17,1984,2013,1372,1071,0.562,2,301,2445,25,26,0.49,1,5,1.9,36,6,1,1,1,as player,
360,Dicta Johnson,2,1922,1923,5,16,0.238,1,-11,22,0,0,,5,8,6.8,,0,0,0,0,as player,
361,Judy Johnson HOF,1,1932,1932,11,17,0.393,0,-6,28,0,0,,7,7,7,,0,0,0,0,as player,
362,Roy Johnson,1,1944,1944,0,1,0,0,-1,1,0,0,,4,4,4,0,0,0,0,0,as player,
363,Tim Johnson,1,1998,1998,88,74,0.543,1,14,163,0,0,,3,3,3,2,0,0,0,0,as player,
364,Walter Johnson HOF,7,1929,1935,529,432,0.55,5,97,966,0,0,,2,5,3.3,0,0,0,0,0,as player,
365,Fielder Jones,10,1904,1918,683,582,0.54,32,101,1297,4,2,0.667,1,8,3.5,31,1,1,1,0,as player,plyr/mgr: 1904-1915
366,Ruben Jones,4,1927,1946,129,142,0.476,4,-13,275,1,4,0.2,2,5,3.9,,1,0,0,0,as player,
367,Eddie Joost,1,1954,1954,51,103,0.331,2,-52,156,0,0,,8,8,8,1,0,0,0,0,as player,plyr/mgr: 1954
368,Mike Jorgensen,1,1995,1995,42,54,0.438,0,-12,96,0,0,,4,4,4,1,0,0,0,0,as player,
369,Bill Joyce,3,1896,1898,179,122,0.595,15,57,316,0,0,,3,7,5.3,6,0,0,0,0,as player,plyr/mgr: 1896-1898
370,Billy Jurges,2,1959,1960,59,63,0.484,0,-4,122,0,0,,5,7,5.7,0,0,0,0,0,as player,
371,Gabe Kapler,5,2018,2022,378,330,0.534,0,48,708,2,3,0.4,1,4,2.8,5,1,0,0,0,as player,
372,Eddie Kasko,4,1970,1973,345,295,0.539,0,50,640,0,0,,2,3,2.5,11,0,0,0,0,as player,
373,Johnny Keane,6,1961,1966,398,350,0.532,1,48,749,4,3,0.571,1,10,4.1,11,1,1,1,0,,
374,Joe Kelley HOF,5,1902,1908,338,321,0.513,10,17,669,0,0,,3,6,4.5,25,0,0,0,0,as player,plyr/mgr: 1902-1908
375,Kick Kelly,2,1887,1888,86,89,0.491,3,-3,178,0,0,,4,7,4.7,0,0,0,0,0,as player,
376,King Kelly HOF,3,1887,1891,173,148,0.539,9,25,330,0,0,,1,7,4,0,0,0,1,0,as player,plyr/mgr: 1887-1891
377,Tom Kelly,16,1986,2001,1140,1244,0.478,1,-104,2385,16,8,0.667,1,7,3.8,5,2,2,2,2,as player,
378,Gabby Kemp,2,1938,1939,22,24,0.478,0,-2,46,0,0,,5,6,5.5,,0,0,0,0,as player,
379,Bob Kennedy,4,1963,1968,264,278,0.487,3,-14,545,0,0,,6,8,7.1,5,0,0,0,0,as player,
380,Jim Kennedy,1,1890,1890,26,73,0.263,1,-47,100,0,0,,9,9,9,0,0,0,0,0,,
381,Kevin Kennedy,4,1993,1996,309,273,0.531,0,36,582,0,3,0,1,3,1.8,1,1,0,0,0,,
382,Harry Kenyon,1,1929,1929,16,57,0.219,3,-41,76,0,0,,7,7,7,,0,0,0,0,as player,
383,John Kerins,2,1888,1890,12,12,0.5,0,0,24,0,0,,3,7,4.2,0,0,0,0,0,as player,plyr/mgr: 1888-1890
384,Joe Kerrigan,1,2001,2001,17,26,0.395,0,-9,43,0,0,,2,2,2,0,0,0,0,0,as player,
385,Don Kessinger,1,1979,1979,46,60,0.434,0,-14,106,0,0,,5,5,5,0,0,0,0,0,as player,plyr/mgr: 1979
386,Bill Killefer,9,1921,1933,524,622,0.457,3,-98,1149,0,0,,4,8,5.7,11,0,0,0,0,as player,plyr/mgr: 1921
387,Bruce Kimm,1,2002,2002,33,45,0.423,0,-12,78,0,0,,5,5,5,1,0,0,0,0,as player,
388,Clyde King,5,1969,1982,234,229,0.505,1,5,464,0,0,,2,5,3.5,3,0,0,0,0,as player,
389,Malachi Kittridge,1,1904,1904,1,16,0.059,1,-15,18,0,0,,8,8,8,0,0,0,0,0,as player,plyr/mgr: 1904
390,Lou Klein,3,1961,1965,65,82,0.442,0,-17,147,0,0,,7,9,8.1,0,0,0,0,0,as player,
391,Johnny Kling,1,1912,1912,52,101,0.34,2,-49,155,0,0,,8,8,8,3,0,0,0,0,as player,plyr/mgr: 1912
392,Otto Knabe,2,1914,1915,131,177,0.425,6,-46,314,0,0,,3,8,5.5,13,0,0,0,0,as player,plyr/mgr: 1914-1915
393,Lon Knight,2,1883,1884,127,78,0.62,1,49,206,0,0,,1,7,4.1,0,0,0,1,0,as player,plyr/mgr: 1883-1884
394,Ray Knight,3,1996,2003,125,137,0.477,0,-12,262,0,0,,3,5,3,5,0,0,0,0,as player,
395,Mark Kotsay,1,2022,2022,60,102,0.37,0,-42,162,0,0,,5,5,5,4,0,0,0,0,as player,
396,Jack Krol,2,1978,1980,1,2,0.333,0,-1,3,0,0,,4,5,4.7,0,0,0,0,0,,
397,Karl Kuehl,1,1976,1976,43,85,0.336,0,-42,128,0,0,,6,6,6,1,0,0,0,0,,
398,Harvey Kuenn,3,1975,1983,160,118,0.576,1,42,279,6,6,0.5,1,5,3.3,3,1,0,1,1,as player,
399,Joe Kuhel,2,1948,1949,106,201,0.345,1,-95,308,0,0,,7,8,7.5,6,0,0,0,0,as player,
400,Tony La Russa HOF,35,1979,2022,2884,2499,0.536,4,385,5387,71,61,0.538,1,7,2.6,93,15,3,6,6,as player,
401,Marcel Lachemann,3,1994,1996,161,170,0.486,0,-9,331,0,0,,2,4,3.1,1,0,0,0,0,as player,
402,Rene Lachemann,9,1981,2002,428,560,0.433,0,-132,988,0,0,,3,7,5.2,6,0,0,0,0,as player,
403,Nap Lajoie HOF,5,1905,1909,377,309,0.55,14,68,700,0,0,,2,6,3.8,3,0,0,0,0,as player,plyr/mgr: 1905-1909
404,Fred Lake,3,1908,1910,163,180,0.475,6,-17,349,0,0,,3,8,5.5,2,0,0,0,0,as player,plyr/mgr: 1910
405,Gene Lamont,8,1992,2000,553,562,0.496,1,-9,1116,2,4,0.333,1,6,3.1,23,1,0,0,0,as player,
406,Hal Lanier,3,1986,1988,254,232,0.523,0,22,486,2,4,0.333,1,5,3,6,1,0,0,0,as player,
407,Henry Larkin,1,1890,1890,34,45,0.43,0,-11,79,0,0,,7,7,7,0,0,0,0,0,as player,plyr/mgr: 1890
408,Tommy Lasorda HOF,21,1976,1996,1599,1439,0.526,2,160,3040,31,30,0.508,1,6,2.5,48,7,2,4,4,as player,
409,Arlie Latham,1,1896,1896,0,3,0,0,-3,3,0,0,,11,11,11,0,0,0,0,0,as player,plyr/mgr: 1896
410,Jumbo Latham,2,1875,1882,45,48,0.484,0,-3,93,0,0,,2,8,3.2,0,0,0,0,0,as player,plyr/mgr: 1875-1882
411,Cookie Lavagetto,5,1957,1961,271,384,0.414,2,-113,657,0,0,,5,8,7.2,0,0,0,0,0,as player,
412,Tom Lawless,1,2014,2014,11,13,0.458,0,-2,24,0,0,,4,4,4,0,0,0,0,0,as player,
413,Bob Leadley,3,1888,1891,76,86,0.469,4,-10,166,0,0,,5,7,5.7,0,0,0,0,0,,
414,Jim Lefebvre,6,1989,1999,417,442,0.485,1,-25,860,0,0,,4,6,4.8,19,0,0,0,0,as player,
415,Bob Lemon HOF,8,1970,1982,430,403,0.516,0,27,833,15,9,0.625,1,6,3.3,6,2,1,2,1,as player,
416,Jim Lemon,1,1968,1968,65,96,0.404,0,-31,161,0,0,,10,10,10,0,0,0,0,0,as player,
417,Bill Lennon,1,1871,1871,5,9,0.357,0,-4,14,0,0,,8,8,8,0,0,0,0,0,as player,plyr/mgr: 1871
418,Jim Leyland,22,1986,2013,1769,1728,0.506,2,41,3499,44,40,0.524,1,6,3,73,8,1,3,3,,
419,Nick Leyva,3,1989,1991,148,189,0.439,1,-41,338,0,0,,3,6,4.9,6,0,0,0,0,,
420,Bob Lillis,4,1982,1985,276,261,0.514,0,15,537,0,0,,2,5,3.2,1,0,0,0,0,as player,
421,Clarence Lindsay,1,1925,1925,4,10,0.286,0,-6,14,0,0,,8,8,8,,0,0,0,0,as player,
422,Johnny Lipon,1,1971,1971,18,41,0.305,0,-23,59,0,0,,6,6,6,0,0,0,0,0,as player,
423,Grady Little,4,2002,2007,358,290,0.552,0,68,648,6,9,0.4,2,4,2.5,9,2,0,0,0,,
424,John Henry Lloyd HOF,8,1921,1929,253,236,0.517,10,17,499,0,0,,1,6,3.8,,0,0,0,0,as player,
425,Hans Lobert,2,1938,1942,42,111,0.275,0,-69,153,0,0,,8,8,8,3,0,0,0,0,as player,
426,Whitey Lockman,3,1972,1974,157,162,0.492,0,-5,319,0,0,,2,6,4.7,6,0,0,0,0,as player,
427,Tom Loftus,9,1884,1903,454,580,0.439,21,-126,1055,0,0,,4,8,6.1,1,0,0,0,0,as player,
428,Eddie Lopat,2,1963,1964,90,124,0.421,0,-34,214,0,0,,8,10,8.5,2,0,0,0,0,as player,
429,Davey Lopes,3,2000,2002,144,195,0.425,1,-51,340,0,0,,3,6,3.6,6,0,0,0,0,as player,
430,Al Lopez HOF,17,1951,1969,1410,1004,0.584,11,406,2425,2,8,0.2,1,8,2.4,31,2,0,2,5,as player,
431,Harry Lord,1,1915,1915,60,49,0.55,1,11,110,0,0,,6,6,6,0,0,0,0,0,as player,plyr/mgr: 1915
432,Torey Lovullo,6,2017,2022,411,459,0.472,0,-48,870,1,3,0.25,2,5,3.3,14,1,0,0,0,as player,
433,Bobby Lowe,1,1904,1904,30,44,0.405,4,-14,78,0,0,,7,7,7,0,0,0,0,0,as player,plyr/mgr: 1904
434,Frank Lucchesi,7,1970,1987,316,399,0.442,0,-83,715,0,0,,2,6,4.7,21,0,0,0,0,,
435,Harry Lumley,1,1909,1909,55,98,0.359,2,-43,155,0,0,,6,6,6,1,0,0,0,0,as player,plyr/mgr: 1909
436,Dick Lundy,11,1923,1940,303,259,0.539,12,44,574,8,13,0.381,1,8,2.7,,4,0,2,0,as player,
437,Jimmie Lyons,1,1932,1932,0,8,0,0,-8,8,0,0,,12,12,12,,0,0,0,0,as player,
438,Ted Lyons HOF,3,1946,1948,185,245,0.43,4,-60,434,0,0,,5,8,6.4,4,0,0,0,0,as player,plyr/mgr: 1946
439,Ken Macha,6,2003,2010,525,447,0.54,0,78,972,5,7,0.417,1,3,2,4,2,0,0,0,as player,
440,Connie Mack HOF,53,1894,1950,3731,3948,0.486,76,-217,7755,24,19,0.558,1,8,4.9,1,8,5,9,1,as player,plyr/mgr: 1894-1896
441,Denny Mack,1,1882,1882,42,38,0.525,0,4,80,0,0,,3,3,3,0,0,0,0,0,as player,plyr/mgr: 1882
442,Earle Mack,2,1937,1939,45,77,0.369,3,-32,125,0,0,,7,7,7,1,0,0,0,0,as player,
443,Pete Mackanin,5,2005,2017,227,291,0.438,0,-64,518,0,0,,4,6,4.7,2,0,0,0,0,as player,
444,Biz Mackey HOF,6,1937,1947,186,143,0.565,9,43,338,4,3,0.571,1,5,2.5,,1,1,1,0,as player,
445,Jimmy Macullar,1,1879,1879,5,21,0.192,1,-16,27,0,0,,7,7,7,0,0,0,0,0,as player,plyr/mgr: 1879
446,Joe Maddon,19,1996,2022,1382,1216,0.532,1,166,2599,32,35,0.478,1,5,2.7,59,8,1,2,2,,
447,Lee Magee,1,1915,1915,53,64,0.453,1,-11,118,0,0,,7,7,7,7,0,0,0,0,as player,plyr/mgr: 1915
448,Anthony Mahoney,1,1923,1923,10,24,0.294,1,-14,35,0,0,,6,6,6,,0,0,0,0,as player,
449,Dave Malarcher,7,1926,1934,263,156,0.628,9,107,428,26,19,0.578,1,7,2.2,,4,2,3,0,as player,
450,Fergy Malone,3,1873,1884,47,66,0.416,0,-19,113,0,0,,2,8,6.5,0,0,0,0,0,as player,plyr/mgr: 1873-1884
451,Jack Manning,1,1877,1877,7,12,0.368,1,-5,20,0,0,,6,6,6,0,0,0,0,0,as player,plyr/mgr: 1877
452,Jim Manning,1,1901,1901,61,72,0.459,5,-11,138,0,0,,6,6,6,0,0,0,0,0,as player,
453,Charlie Manuel,12,2000,2013,1000,826,0.548,0,174,1826,29,22,0.569,1,4,1.7,52,6,1,2,2,as player,
454,Jerry Manuel,9,1998,2010,704,684,0.507,2,20,1390,0,3,0,1,4,2.5,30,1,0,0,0,as player,
455,Rabbit Maranville HOF,1,1925,1925,23,30,0.434,0,-7,53,0,0,,8,8,8,1,0,0,0,0,as player,plyr/mgr: 1925
456,Marty Marion,6,1951,1956,356,372,0.489,3,-16,731,0,0,,3,8,4.6,10,0,0,0,0,as player,plyr/mgr: 1952-1953
457,Oliver Marmol,1,2022,2022,93,69,0.574,0,24,162,0,2,0,1,1,1,3,1,0,0,0,,
458,Jim Marshall,4,1974,1979,229,326,0.413,0,-97,555,0,0,,4,7,5.7,6,0,0,0,0,as player,
459,Billy Martin,16,1969,1988,1253,1013,0.553,1,240,2267,15,19,0.441,1,6,2.3,48,5,1,2,3,as player,
460,Buck Martinez,2,2001,2002,100,115,0.465,0,-15,215,0,0,,3,3,3,2,0,0,0,0,as player,
461,Dave Martinez,5,2018,2022,321,387,0.453,0,-66,708,12,5,0.706,2,5,3.5,10,1,1,1,0,as player,
462,Marty Martinez,1,1986,1986,0,1,0,0,-1,1,0,0,,7,7,7,0,0,0,0,0,as player,
463,Charlie Mason,1,1887,1887,38,40,0.487,4,-2,82,0,0,,5,5,5,0,0,0,0,0,as player,
464,Mike Matheny,10,2012,2022,756,693,0.522,0,63,1449,21,22,0.488,1,5,2.5,20,4,0,1,1,as player,
465,Eddie Mathews HOF,3,1972,1974,149,161,0.481,1,-12,311,0,0,,3,5,4.2,6,0,0,0,0,as player,
466,Christy Mathewson HOF,3,1916,1918,164,176,0.482,5,-12,345,0,0,,3,7,4.3,0,0,0,0,0,as player,plyr/mgr: 1916
467,Bobby Mattick,2,1980,1981,104,164,0.388,0,-60,268,0,0,,7,7,7,7,0,0,0,0,as player,
468,Don Mattingly,12,2011,2022,889,950,0.483,0,-61,1839,10,14,0.417,1,5,2.8,38,4,0,0,0,as player,
469,Gene Mauch,26,1960,1987,1902,2037,0.483,3,-135,3942,5,7,0.417,1,8,4.6,54,2,0,0,1,as player,
470,Lee Mazzilli,2,2004,2005,129,140,0.48,0,-11,269,0,0,,3,4,3.4,2,0,0,0,0,as player,
471,Jimmy McAleer,11,1901,1911,735,889,0.453,34,-154,1658,0,0,,2,8,5.9,6,0,0,0,0,as player,plyr/mgr: 1901-1907
472,Dick McBride,5,1871,1875,161,84,0.657,6,77,251,0,0,,1,4,2.5,0,0,0,1,0,as player,plyr/mgr: 1871-1875
473,George McBride,1,1921,1921,80,73,0.523,1,7,154,0,0,,4,4,4,1,0,0,0,0,as player,
474,Jack McCallister,1,1927,1927,66,87,0.431,0,-21,153,0,0,,6,6,6,1,0,0,0,0,,
475,Joe McCarthy HOF,24,1926,1950,2125,1333,0.615,29,792,3487,30,13,0.698,1,4,2,13,9,7,9,7,,
476,Tommy McCarthy HOF,1,1890,1890,15,12,0.556,0,3,27,0,0,,3,3,3,0,0,0,0,0,as player,plyr/mgr: 1890
477,Lloyd McClendon,8,2001,2020,501,613,0.45,0,-112,1114,0,0,,3,6,4.5,28,0,0,0,0,as player,
478,John McCloskey,5,1895,1908,190,417,0.313,8,-227,615,0,0,,7,12,8.7,3,0,0,0,0,,
479,Jim McCormick,3,1879,1882,74,96,0.435,1,-22,171,0,0,,3,6,4.5,0,0,0,0,0,as player,plyr/mgr: 1879-1882
480,Webster McDonald,4,1932,1936,123,108,0.532,8,15,239,4,3,0.571,2,8,4,,1,0,1,0,as player,
481,Mel McGaha,3,1962,1965,123,173,0.416,1,-50,297,0,0,,6,10,7.8,0,0,0,0,0,,
482,Mike McGeary,3,1875,1881,46,41,0.529,3,5,90,0,0,,2,7,4.7,0,0,0,0,0,as player,plyr/mgr: 1875-1881
483,John McGraw HOF,33,1899,1932,2763,1948,0.586,58,815,4769,26,28,0.481,1,8,2.6,121,9,3,10,1,as player,plyr/mgr: 1899-1906
484,Deacon McGuire,6,1898,1911,210,287,0.423,19,-77,516,0,0,,3,11,6.3,6,0,0,0,0,as player,plyr/mgr: 1898-1910
485,Bill McGunnigle,5,1888,1896,327,248,0.569,11,79,586,6,9,0.4,1,12,4.1,1,0,0,2,0,as player,
486,Stuffy McInnis,1,1927,1927,51,103,0.331,1,-52,155,0,0,,8,8,8,5,0,0,0,0,as player,plyr/mgr: 1927
487,Bill McKechnie HOF,25,1915,1946,1896,1723,0.524,28,173,3647,8,14,0.364,1,8,4,32,4,2,4,2,as player,plyr/mgr: 1915
488,Jack McKeon,16,1973,2011,1051,990,0.515,1,61,2042,11,6,0.647,2,7,3.3,16,1,1,1,1,,
489,Alex McKinnon,1,1885,1885,6,32,0.158,1,-26,39,0,0,,8,8,8,0,0,0,0,0,as player,plyr/mgr: 1885
490,Denny McKnight,1,1884,1884,4,8,0.333,0,-4,12,0,0,,10,10,10,0,0,0,0,0,,
491,John McLaren,3,2007,2011,70,89,0.44,0,-19,159,0,0,,2,4,2.9,8,0,0,0,0,,
492,George McManus,2,1876,1877,34,34,0.5,0,0,68,0,0,,2,4,3.8,0,0,0,0,0,,
493,Marty McManus,2,1932,1933,95,153,0.383,0,-58,248,0,0,,7,8,7.4,4,0,0,0,0,as player,plyr/mgr: 1932-1933
494,Roy McMillan,2,1972,1975,27,28,0.491,0,-1,55,0,0,,3,6,3.1,0,0,0,0,0,as player,
495,John McNamara,19,1969,1996,1160,1233,0.485,2,-73,2395,7,10,0.412,1,7,3.7,33,2,0,1,1,,
496,Bid McPhee HOF,2,1901,1902,79,124,0.389,4,-45,207,0,0,,4,8,6.7,0,0,0,0,0,as player,
497,Hal McRae,6,1991,2002,399,473,0.458,0,-74,872,0,0,,3,6,4.5,20,0,0,0,0,as player,
498,Cal McVey,3,1873,1879,91,64,0.587,2,27,157,0,0,,2,5,3.4,0,0,0,0,0,as player,plyr/mgr: 1873-1879
499,Sam Mele,7,1961,1967,524,436,0.546,3,88,963,3,4,0.429,1,7,3.2,5,1,0,1,1,as player,
500,Oscar Melillo,1,1938,1938,2,7,0.222,1,-5,10,0,0,,7,7,7,0,0,0,0,0,as player,
501,Bob Melvin,19,2003,2022,1435,1345,0.516,0,90,2780,16,23,0.41,1,5,2.7,54,8,0,0,0,as player,
502,José Méndez HOF,4,1920,1925,196,100,0.662,5,96,301,10,12,0.455,1,2,1.3,,3,1,3,0,as player,
503,Stump Merrill,2,1990,1991,120,155,0.436,0,-35,275,0,0,,5,7,5.8,6,0,0,0,0,,
504,Charlie Metro,2,1962,1970,62,102,0.378,0,-40,164,0,0,,4,9,7.4,5,0,0,0,0,as player,
505,Billy Meyer,5,1948,1952,317,452,0.412,5,-135,774,0,0,,4,8,6.6,19,0,0,0,0,as player,
506,Gene Michael,4,1981,1987,206,200,0.507,0,6,406,0,0,,1,6,4.8,12,0,0,0,0,as player,
507,Clyde Milan,1,1922,1922,69,85,0.448,0,-16,154,0,0,,6,6,6,0,0,0,0,0,as player,plyr/mgr: 1922
508,Dave Miley,3,2003,2005,125,164,0.433,0,-39,289,0,0,,4,6,4.7,5,0,0,0,0,,
509,George Miller,1,1894,1894,56,76,0.424,1,-20,133,0,0,,9,9,9,1,0,0,0,0,as player,
510,Joe Miller,1,1872,1872,0,11,0,0,-11,11,0,0,,11,11,11,0,0,0,0,0,as player,plyr/mgr: 1872
511,Louis Miller,1,1923,1923,7,5,0.583,0,2,12,0,0,,6,6,6,,0,0,0,0,as player,
512,Percy Miller,1,1937,1937,14,16,0.467,0,-2,30,0,0,,6,6,6,,0,0,0,0,as player,
513,Ray Miller,4,1985,1999,266,297,0.472,0,-31,563,0,0,,4,6,4.5,13,0,0,0,0,,
514,Brad Mills,3,2010,2012,171,274,0.384,0,-103,445,0,0,,4,6,5.3,7,0,0,0,1,as player,
515,Buster Mills,1,1953,1953,4,4,0.5,0,0,8,0,0,,6,6,6,0,0,0,0,0,as player,
516,Everett Mills,1,1872,1872,8,6,0.571,3,2,17,0,0,,2,2,2,0,0,0,0,0,as player,plyr/mgr: 1872
517,Alonzo Mitchell,5,1938,1942,61,89,0.407,2,-28,152,0,0,,3,5,4.2,,0,0,0,0,as player,
518,Fred Mitchell,7,1917,1923,494,543,0.476,7,-49,1044,2,4,0.333,1,8,5,17,1,0,1,0,as player,
519,George Mitchell,4,1938,1941,71,86,0.452,5,-15,162,1,4,0.2,3,6,4.2,,1,0,0,0,as player,
520,John Mizerock,1,2002,2002,5,8,0.385,0,-3,13,0,0,,4,4,4,0,0,0,0,0,as player,
521,Paul Molitor HOF,4,2015,2018,305,343,0.471,0,-38,648,0,1,0,2,5,2.8,8,1,0,0,0,as player,
522,Charlie Montoyo,4,2019,2022,236,236,0.5,0,0,472,0,2,0,3,4,3.9,8,1,0,0,0,as player,
523,Jackie Moore,3,1984,1986,163,190,0.462,0,-27,353,0,0,,3,5,4.3,10,0,0,0,0,as player,
524,Terry Moore,1,1954,1954,35,42,0.455,0,-7,77,0,0,,4,4,4,0,0,0,0,0,as player,
525,Pat Moran,9,1915,1923,748,586,0.561,9,162,1343,6,7,0.462,1,6,2.7,10,2,1,2,0,as player,
526,Joe Morgan,4,1988,1991,301,262,0.535,0,39,563,0,8,0,1,3,2.2,11,2,0,0,0,as player,
527,George Moriarty,2,1927,1928,150,157,0.489,3,-7,310,0,0,,4,6,5,0,0,0,0,0,as player,
528,John Morrill,8,1882,1889,348,334,0.51,14,14,696,0,0,,1,8,4.1,0,0,0,1,0,as player,plyr/mgr: 1882-1889
529,Charlie Morton,3,1884,1890,121,153,0.442,8,-32,282,0,0,,4,8,5.8,0,0,0,0,0,as player,plyr/mgr: 1884-1885
530,Felix Moses,1,1884,1884,12,30,0.286,4,-18,46,0,0,,10,10,10,0,0,0,0,0,,
531,Les Moss,2,1968,1979,39,50,0.438,0,-11,89,0,0,,5,8,6.2,0,0,0,0,0,as player,
532,Dink Mothell,1,1930,1930,16,28,0.364,0,-12,44,0,0,,2,2,2,,0,0,0,0,as player,
533,Tim Murnane,1,1884,1884,58,51,0.532,2,7,111,0,0,,5,5,5,0,0,0,0,0,as player,plyr/mgr: 1884
534,Pat Murphy,1,2015,2015,42,54,0.438,0,-12,96,0,0,,4,4,4,5,0,0,0,0,,
535,Billy Murray,3,1907,1909,240,214,0.529,4,26,458,0,0,,3,5,4,2,0,0,0,0,,
536,Danny Murtaugh,15,1957,1976,1115,950,0.54,3,165,2068,12,16,0.429,1,8,3.3,20,5,2,2,3,as player,
537,Tony Muser,6,1997,2002,317,431,0.424,0,-114,748,0,0,,3,5,4.1,12,0,0,0,0,as player,
538,Jim Mutrie,9,1883,1891,658,419,0.611,37,239,1114,12,10,0.545,1,6,2.8,0,0,2,3,0,,
539,George Myatt,2,1968,1969,20,35,0.364,0,-15,55,0,0,,5,7,5,0,0,0,0,0,as player,
540,Henry Myers,1,1882,1882,19,54,0.26,1,-35,74,0,0,,6,6,6,0,0,0,0,0,as player,plyr/mgr: 1882
541,Jerry Narron,5,2001,2007,291,341,0.46,1,-50,633,0,0,,3,6,4.2,10,0,0,0,0,as player,
542,Billy Nash,1,1896,1896,62,68,0.477,0,-6,130,0,0,,8,8,8,0,0,0,0,0,as player,plyr/mgr: 1896
543,Johnny Neun,3,1946,1948,125,143,0.466,0,-18,268,0,0,,3,7,5.6,2,0,0,0,0,as player,
544,Phil Nevin,1,2022,2022,46,60,0.434,0,-14,106,0,0,,3,3,3,4,0,0,0,0,as player,
545,Jeff Newman,1,1986,1986,2,8,0.2,0,-6,10,0,0,,3,3,3,1,0,0,0,0,as player,
546,Kid Nichols HOF,2,1904,1905,80,88,0.476,1,-8,169,0,0,,5,6,5.1,0,0,0,0,0,as player,plyr/mgr: 1904-1905
547,Hugh Nicol,1,1897,1897,8,32,0.2,0,-24,40,0,0,,12,12,12,0,0,0,0,0,as player,
548,Russ Nixon,5,1982,1990,231,347,0.4,1,-116,579,0,0,,6,6,6,4,0,0,0,0,as player,
549,Bill Norman,2,1958,1959,58,64,0.475,0,-6,122,0,0,,4,5,4.9,0,0,0,0,0,as player,
550,Jack O'Connor,1,1910,1910,47,107,0.305,4,-60,158,0,0,,8,8,8,1,0,0,0,0,as player,plyr/mgr: 1910
551,Hank O'Day HOF,2,1912,1914,153,154,0.498,4,-1,311,0,0,,4,4,4,0,0,0,0,0,as player,
552,Bob O'Farrell,2,1927,1934,122,121,0.502,1,1,244,0,0,,2,8,4.2,0,0,0,0,0,as player,plyr/mgr: 1927-1934
553,Dan O'Leary,1,1884,1884,20,15,0.571,0,5,35,0,0,,3,3,3,0,0,0,0,0,as player,plyr/mgr: 1884
554,Buck O'Neil HOF,1,1948,1948,62,32,0.66,2,30,96,3,4,0.429,1,1,1,,1,0,0,0,as player,
555,Steve O'Neill,14,1935,1954,1040,821,0.559,18,219,1879,4,3,0.571,1,5,3.3,9,1,1,1,1,as player,
556,Jim O'Rourke HOF,5,1881,1893,246,258,0.488,6,-12,510,0,0,,3,12,5.7,0,0,0,0,0,as player,plyr/mgr: 1881-1893
557,Rebel Oakes,2,1914,1915,147,145,0.503,7,2,299,0,0,,3,7,4.9,3,0,0,0,0,as player,plyr/mgr: 1914-1915
558,Johnny Oates,11,1991,2001,797,746,0.517,1,51,1544,1,9,0.1,1,6,2.7,18,3,0,0,0,as player,
559,Jack Onslow,2,1949,1950,71,113,0.386,1,-42,185,0,0,,6,6,6,6,0,0,0,0,as player,
560,Dave Orr,1,1887,1887,3,5,0.375,0,-2,8,0,0,,7,7,7,0,0,0,0,0,as player,plyr/mgr: 1887
561,Mel Ott HOF,7,1942,1948,464,530,0.467,10,-66,1004,0,0,,3,8,5.5,10,0,0,0,0,as player,plyr/mgr: 1942-1947
562,Paul Owens,3,1972,1984,161,158,0.505,0,3,319,4,5,0.444,1,6,3.8,2,1,0,1,1,,
563,Danny Ozark,8,1973,1984,618,542,0.533,1,76,1161,2,9,0.182,1,6,2.7,20,3,0,0,0,,
564,Charlie Pabor,2,1871,1875,13,64,0.169,0,-51,77,0,0,,8,12,10.2,0,0,0,0,0,as player,plyr/mgr: 1871-1875
565,Salty Parker,2,1967,1972,5,7,0.417,0,-2,12,0,0,,2,10,9.3,0,0,0,0,0,as player,
566,Tom Parker,1,1943,1943,1,5,0.167,0,-4,6,0,0,,3,3,3,,0,0,0,0,as player,
567,Bill Parks,1,1875,1875,1,7,0.125,0,-6,8,0,0,,10,10,10,0,0,0,0,0,as player,plyr/mgr: 1875
568,Roy Parnell,2,1940,1941,9,21,0.3,0,-12,30,0,0,,4,6,5.1,,0,0,0,0,as player,
569,Larry Parrish,2,1998,1999,82,104,0.441,0,-22,186,0,0,,3,5,3.3,1,0,0,0,0,as player,
570,Dickey Pearce,2,1872,1875,49,35,0.583,2,14,86,0,0,,3,4,3.8,0,0,0,0,0,as player,plyr/mgr: 1872-1875
571,Roger Peckinpaugh,8,1914,1941,500,491,0.505,4,9,995,0,0,,3,7,4.5,7,0,0,0,0,as player,plyr/mgr: 1914
572,Al Pedrique,1,2004,2004,22,61,0.265,0,-39,83,0,0,,5,5,5,1,0,0,0,0,as player,
573,Tony Peña,4,2002,2005,198,285,0.41,0,-87,483,0,0,,3,5,4.1,7,0,0,0,0,as player,
574,Tony Perez HOF,2,1993,2001,74,84,0.468,0,-10,158,0,0,,4,5,4.3,1,0,0,0,0,as player,
575,Cy Perkins,1,1937,1937,6,9,0.4,0,-3,15,0,0,,2,2,2,0,0,0,0,0,as player,
576,Sam Perlozzo,3,2005,2007,122,164,0.427,0,-42,286,0,0,,4,5,4.2,8,0,0,0,0,as player,
577,Johnny Pesky,3,1963,1980,147,179,0.451,0,-32,326,0,0,,4,8,7.4,3,0,0,0,0,as player,
578,Bruce Petway,4,1922,1925,182,139,0.567,2,43,323,0,0,,3,4,3.6,,0,0,0,0,as player,
579,Fred Pfeffer,1,1892,1892,42,56,0.429,2,-14,100,0,0,,9,11,9.5,0,0,0,0,0,as player,plyr/mgr: 1892
580,Lou Phelan,1,1895,1895,11,30,0.268,4,-19,45,0,0,,11,11,11,0,0,0,0,0,,
581,Bill Phillips,2,1914,1915,114,92,0.553,4,22,210,0,0,,1,5,2,0,0,0,1,0,as player,
582,Horace Phillips,8,1879,1889,338,415,0.449,12,-77,765,0,0,,2,10,5,0,0,0,0,0,,
583,Lefty Phillips,3,1969,1971,222,225,0.497,1,-3,448,0,0,,3,4,3.4,0,0,0,0,0,,
584,Lip Pike,3,1871,1877,20,51,0.282,0,-31,71,0,0,,6,7,6.7,0,0,0,0,0,as player,plyr/mgr: 1871-1877
585,Lou Piniella,23,1986,2010,1835,1713,0.517,0,122,3548,23,27,0.46,1,5,2.8,64,7,1,1,1,as player,
586,Bill Plummer,1,1992,1992,64,98,0.395,0,-34,162,0,0,,7,7,7,1,0,0,0,0,as player,
587,Eddie Popowski,2,1969,1973,6,4,0.6,0,2,10,0,0,,2,3,2.9,0,0,0,0,0,,
588,Bo Porter,2,2013,2014,110,190,0.367,0,-80,300,0,0,,5,5,5,4,0,0,0,0,as player,
589,Matthew Porter,1,1884,1884,3,13,0.188,0,-10,16,0,0,,8,8,8,0,0,0,0,0,as player,plyr/mgr: 1884
590,Cum Posey HOF,4,1929,1935,93,95,0.495,8,-2,196,0,0,,2,7,4.5,,0,0,0,0,,
591,Pat Powers,2,1890,1892,134,143,0.484,9,-9,286,0,0,,5,10,6.6,0,0,0,0,0,,
592,Al Pratt,2,1882,1883,51,59,0.464,1,-8,111,0,0,,4,7,4.9,0,0,0,0,0,as player,
593,Bryan Price,5,2014,2018,279,387,0.419,0,-108,666,0,0,,4,5,4.8,11,0,0,0,0,,
594,Jim Price,1,1884,1884,56,42,0.571,2,14,100,0,0,,4,4,4,0,0,0,0,0,,
595,Tom Prince,1,2019,2019,0,1,0,0,-1,1,0,0,,5,5,5,0,0,0,0,0,as player,
596,Doc Prothro,3,1939,1941,138,320,0.301,2,-182,460,0,0,,8,8,8,2,0,0,0,0,as player,
597,Luis Pujols,1,2002,2002,55,100,0.355,0,-45,155,0,0,,5,5,5,2,0,0,0,0,as player,
598,Blondie Purcell,1,1883,1883,13,68,0.16,1,-55,82,0,0,,8,8,8,0,0,0,0,0,as player,plyr/mgr: 1883
599,Mike Quade,2,2010,2011,95,104,0.477,0,-9,199,0,0,,5,5,5,7,0,0,0,0,,
600,Mel Queen,1,1997,1997,4,1,0.8,0,3,5,0,0,,5,5,5,0,0,0,0,0,as player,
601,Frank Quilici,4,1972,1975,280,287,0.494,1,-7,568,0,0,,3,4,3.3,8,0,0,0,0,as player,
602,Joe Quinn,2,1895,1899,23,132,0.148,1,-109,156,0,0,,11,12,11.7,0,0,0,0,0,as player,plyr/mgr: 1895-1899
603,Ted Radcliffe,5,1937,1943,165,148,0.527,5,17,318,4,3,0.571,2,7,3.5,,2,0,1,0,as player,
604,Doug Rader,7,1983,1991,388,417,0.482,1,-29,806,0,0,,3,7,4.8,14,0,0,0,0,as player,
605,Ramiro Ramírez,2,1932,1948,47,76,0.382,4,-29,127,0,0,,4,4,4,,0,0,0,0,as player,
606,Willie Randolph,4,2005,2008,302,253,0.544,0,49,555,6,4,0.6,1,3,2.1,4,1,0,0,0,as player,
607,Vern Rapp,3,1977,1984,140,160,0.467,0,-20,300,0,0,,3,5,3.9,6,0,0,0,0,,
608,Otto Ray,1,1924,1924,5,13,0.278,0,-8,18,0,0,,8,8,8,,0,0,0,0,as player,
609,Al Reach,1,1890,1890,4,7,0.364,0,-3,11,0,0,,3,3,3,0,0,0,0,0,as player,
610,Dick Redding,1,1927,1927,11,23,0.324,0,-12,34,0,0,,7,7,7,,0,0,0,0,as player,
611,Mike Redmond,3,2013,2015,155,207,0.428,0,-52,362,0,0,,4,5,4.4,7,0,0,0,0,as player,
612,Wilson Redus,1,1940,1940,20,31,0.392,0,-11,51,0,0,,5,5,5,,0,0,0,0,as player,
613,John Reese,3,1926,1931,156,63,0.712,4,93,223,4,3,0.571,1,3,1.5,,2,0,2,0,as player,
614,Phil Regan,1,1995,1995,71,73,0.493,0,-2,144,0,0,,3,3,3,2,0,0,0,0,as player,
615,Rick Renteria,5,2014,2020,309,398,0.437,0,-89,707,1,2,0.333,2,5,3.8,30,1,0,0,0,as player,
616,Del Rice,1,1972,1972,75,80,0.484,0,-5,155,0,0,,5,5,5,6,0,0,0,0,as player,
617,Paul Richards,12,1951,1976,923,901,0.506,13,22,1837,0,0,,2,7,4.5,82,0,0,0,2,as player,
618,Danny Richardson,1,1892,1892,12,31,0.279,0,-19,43,0,0,,12,12,12,0,0,0,0,0,as player,plyr/mgr: 1892
619,Branch Rickey HOF,10,1913,1925,597,664,0.473,16,-67,1277,0,0,,3,8,5,3,0,0,0,0,as player,plyr/mgr: 1914
620,Greg Riddoch,3,1990,1992,200,194,0.508,0,6,394,0,0,,3,5,3.4,6,0,0,0,0,,
621,Bill Riggins,1,1926,1926,44,34,0.564,1,10,79,0,0,,4,4,4,,0,0,0,0,as player,
622,Jim Riggleman,13,1992,2018,726,904,0.445,0,-178,1630,0,3,0,2,7,4.5,28,1,0,0,0,,
623,Bill Rigney,18,1956,1976,1239,1321,0.484,1,-82,2561,0,3,0,1,9,5.2,64,1,0,0,0,as player,
624,Cal Ripken,3,1985,1988,68,101,0.402,0,-33,169,0,0,,4,7,6,8,0,0,0,0,,
625,Dave Roberts,8,2015,2022,653,381,0.632,0,272,1034,45,36,0.556,1,4,1.2,10,7,1,3,3,as player,
626,Frank Robinson HOF,16,1975,2006,1065,1176,0.475,0,-111,2241,0,0,,2,7,4.4,29,0,0,0,0,as player,plyr/mgr: 1975-1976
627,Wilbert Robinson HOF,19,1902,1931,1399,1398,0.5,21,1,2818,3,9,0.25,1,8,4.8,3,2,0,2,0,as player,plyr/mgr: 1902
628,Stan Robison,1,1905,1905,19,31,0.38,0,-12,50,0,0,,6,6,6,0,0,0,0,0,,
629,Buck Rodgers,13,1980,1994,784,774,0.503,1,10,1559,2,3,0.4,1,7,3.6,25,1,0,0,0,as player,
630,Edwin Rodriguez,2,2010,2011,78,85,0.479,0,-7,163,0,0,,3,5,3.9,4,0,0,0,0,as player,
631,Ron Roenicke,6,2011,2020,366,367,0.499,0,-1,733,5,6,0.455,1,5,3,10,1,0,0,0,as player,
632,Bullet Rogan HOF,5,1926,1930,257,111,0.698,1,146,369,4,5,0.444,1,3,1.8,,2,0,1,0,as player,
633,Jim Rogers,1,1897,1897,17,24,0.415,3,-7,44,0,0,,11,11,11,1,0,0,0,0,as player,plyr/mgr: 1897
634,Cookie Rojas,2,1988,1996,76,79,0.49,0,-3,155,0,0,,3,4,4,4,0,0,0,0,as player,
635,Luis Rojas,2,2020,2021,103,119,0.464,0,-16,222,0,0,,3,4,3.3,5,0,0,0,0,,
636,Red Rolfe,4,1949,1952,278,256,0.521,5,22,539,0,0,,2,8,4.2,3,0,0,0,0,as player,
637,Pete Rose,6,1984,1989,412,373,0.525,1,39,786,0,0,,2,5,2.6,9,0,0,0,0,as player,plyr/mgr: 1984-1986
638,James Roseman,1,1890,1890,7,8,0.467,0,-1,15,0,0,,3,3,3,0,0,0,0,0,as player,plyr/mgr: 1890
639,David Ross,3,2020,2022,179,205,0.466,0,-26,384,0,2,0,1,4,3.1,10,1,0,0,0,as player,
640,Larry Rothschild,4,1998,2001,205,294,0.411,0,-89,499,0,0,,5,5,5,15,0,0,0,0,as player,
641,Dave Rowe,2,1886,1888,44,127,0.257,5,-83,176,0,0,,7,8,7.3,0,0,0,0,0,as player,plyr/mgr: 1886-1888
642,Jack Rowe,1,1890,1890,27,72,0.273,1,-45,100,0,0,,8,8,8,0,0,0,0,0,as player,plyr/mgr: 1890
643,Pants Rowland,4,1915,1918,339,247,0.578,4,92,590,4,2,0.667,1,6,2.8,6,1,1,1,0,,
644,Jerry Royster,1,2002,2002,53,94,0.361,0,-41,147,0,0,,6,6,6,1,0,0,0,0,as player,
645,Muddy Ruel,1,1947,1947,59,95,0.383,0,-36,154,0,0,,8,8,8,0,0,0,0,0,as player,
646,Tom Runnells,2,1991,1992,68,81,0.456,0,-13,149,0,0,,2,6,5,3,0,0,0,0,as player,
647,Pete Runnels,1,1966,1966,8,8,0.5,0,0,16,0,0,,9,9,9,0,0,0,0,0,as player,
648,Bill Russell,3,1996,1998,173,149,0.537,0,24,322,0,3,0,2,3,2.2,3,1,0,0,0,as player,
649,Branch Russell,1,1926,1926,1,8,0.111,0,-7,9,0,0,,3,3,3,,0,0,0,0,as player,
650,John Russell,3,2008,2010,186,299,0.384,0,-113,485,0,0,,6,6,6,5,0,0,0,0,as player,
651,Connie Ryan,2,1975,1977,11,22,0.333,0,-11,33,0,0,,2,5,4.5,0,0,0,0,0,as player,
652,Tommy Sampson,2,1946,1947,81,63,0.563,0,18,144,0,0,,2,3,2.6,,0,0,0,0,as player,
653,Juan Samuel,1,2010,2010,17,34,0.333,0,-17,51,0,0,,5,5,5,2,0,0,0,0,as player,
654,Ryne Sandberg HOF,3,2013,2015,119,159,0.428,0,-40,278,0,0,,4,5,4.8,4,0,0,0,0,as player,
655,Eddie Sawyer,8,1948,1960,390,423,0.48,4,-33,817,0,4,0,1,8,4.7,4,1,0,1,1,,
656,George Scales,5,1938,1947,81,106,0.433,10,-25,197,0,0,,3,6,4.1,,0,0,0,0,as player,
657,Mike Scanlon,2,1884,1886,60,132,0.313,4,-72,196,0,0,,7,8,7.4,0,0,0,0,0,,
658,Bob Schaefer,2,1991,2005,6,12,0.333,0,-6,18,0,0,,5,6,5.1,0,0,0,0,0,,
659,Ray Schalk HOF,2,1927,1928,102,125,0.449,1,-23,228,0,0,,5,5,5,1,0,0,0,0,as player,plyr/mgr: 1927-1928
660,Bob Scheffing,6,1957,1963,418,427,0.495,4,-9,849,0,0,,2,8,5.1,11,0,0,0,0,as player,
661,Larry Schlafly,2,1914,1915,93,99,0.484,4,-6,196,0,0,,4,6,4.4,10,0,0,0,0,as player,plyr/mgr: 1914
662,Gus Schmelz,11,1884,1897,624,703,0.47,30,-79,1357,0,0,,2,11,5.9,0,0,0,0,0,,
663,John Schneider,1,2022,2022,46,28,0.622,0,18,74,0,2,0,2,2,2,2,1,0,0,0,,
664,Red Schoendienst HOF,14,1965,1990,1041,955,0.522,3,86,1999,7,7,0.5,1,7,3.5,12,2,1,2,2,as player,
665,Joe Schultz,2,1969,1973,78,112,0.411,1,-34,191,0,0,,3,6,5.6,3,0,0,0,0,as player,
666,Mike Scioscia,19,2000,2018,1650,1428,0.536,0,222,3078,21,27,0.438,1,4,2.3,47,7,1,1,1,as player,
667,Frank Selee HOF,16,1890,1905,1284,862,0.598,34,422,2180,10,0,1,1,6,2.9,0,0,0,5,0,,
668,Scott Servais,7,2016,2022,528,504,0.512,0,24,1032,2,3,0.4,2,5,2.8,19,1,0,0,0,as player,
669,Luke Sewell,10,1941,1952,606,644,0.485,9,-38,1259,2,4,0.333,1,7,4.8,11,1,0,1,0,as player,plyr/mgr: 1942
670,Dan Shannon,2,1889,1891,25,80,0.238,4,-55,109,0,0,,8,8,8,1,0,0,0,0,as player,plyr/mgr: 1889-1891
671,Bill Sharsig,5,1886,1891,238,216,0.524,11,22,465,0,0,,3,8,4.7,0,0,0,0,0,,
672,Bob Shawkey,1,1930,1930,86,68,0.558,0,18,154,0,0,,3,3,3,2,0,0,0,0,as player,
673,Tom Sheehan,1,1960,1960,46,50,0.479,2,-4,98,0,0,,5,5,5,0,0,0,0,0,as player,
674,Derek Shelton,3,2020,2022,142,242,0.37,0,-100,384,0,0,,4,5,4.6,9,0,0,0,0,,
675,Larry Shepard,2,1968,1969,164,155,0.514,1,9,320,0,0,,3,6,4.5,8,0,0,0,0,,
676,Norm Sherry,2,1976,1977,76,71,0.517,0,5,147,0,0,,4,5,4.6,0,0,0,0,0,as player,
677,Bill Shettsline,5,1898,1902,367,303,0.548,7,64,677,0,0,,2,7,4.1,0,0,0,0,0,,
678,Mike Shildt,4,2018,2021,252,199,0.559,0,53,451,4,9,0.308,1,3,1.8,10,3,0,0,0,,
679,Burt Shotton,11,1928,1950,697,764,0.477,8,-67,1469,4,8,0.333,1,8,4.6,2,2,0,2,1,as player,
680,Buck Showalter,21,1992,2022,1652,1578,0.511,1,74,3231,10,16,0.385,1,5,3,33,6,0,0,1,,
681,Ken Silvestri,1,1967,1967,0,3,0,0,-3,3,0,0,,7,7,7,0,0,0,0,0,as player,
682,Joe Simmons,2,1875,1884,3,28,0.097,0,-25,31,0,0,,12,12,12,0,0,0,0,0,as player,plyr/mgr: 1875
683,Lew Simmons,1,1886,1886,41,55,0.427,2,-14,98,0,0,,6,6,6,0,0,0,0,0,,
684,Dick Sisler,2,1964,1965,121,94,0.563,0,27,215,0,0,,2,4,3.5,2,0,0,0,0,as player,
685,George Sisler HOF,3,1924,1926,218,241,0.475,3,-23,462,0,0,,3,7,4.7,3,0,0,0,0,as player,plyr/mgr: 1924-1926
686,Frank Skaff,1,1966,1966,40,39,0.506,0,1,79,0,0,,3,3,3,0,0,0,0,0,as player,
687,Bob Skinner,3,1968,1977,93,123,0.431,0,-30,216,0,0,,5,7,6,1,0,0,0,0,as player,
688,Joel Skinner,1,2002,2002,35,41,0.461,0,-6,76,0,0,,3,3,3,0,0,0,0,0,as player,
689,Jack Slattery,1,1928,1928,11,20,0.355,0,-9,31,0,0,,7,7,7,0,0,0,0,0,as player,
690,Bill Smith,1,1873,1873,0,5,0,0,-5,5,0,0,,9,9,9,0,0,0,0,0,as player,plyr/mgr: 1873
691,Clarence Smith,2,1929,1930,42,48,0.467,0,-6,90,0,0,,5,6,5.3,,0,0,0,0,as player,
692,George Smith,1,1902,1902,5,27,0.156,0,-22,32,0,0,,8,8,8,0,0,0,0,0,as player,plyr/mgr: 1902
693,Harry Smith,1,1909,1909,23,54,0.299,2,-31,79,0,0,,8,8,8,1,0,0,0,0,as player,plyr/mgr: 1909
694,Mayo Smith,9,1955,1970,662,612,0.52,5,50,1279,4,3,0.571,1,8,3.7,9,1,1,1,1,as player,
695,Brian Snitker,7,2016,2022,542,451,0.546,0,91,993,23,18,0.561,1,5,1.8,16,5,1,1,1,,
696,Felton Snow,8,1939,1947,279,225,0.554,8,54,512,6,2,0.75,2,5,2.8,,1,0,1,0,as player,
697,Jim Snyder,1,1988,1988,45,60,0.429,0,-15,105,0,0,,7,7,7,3,0,0,0,0,as player,
698,Pop Snyder,4,1882,1891,163,122,0.572,3,41,288,0,0,,1,8,3.9,0,0,0,1,0,as player,plyr/mgr: 1882-1891
699,Allen Sothoron,1,1933,1933,2,6,0.25,0,-4,8,0,0,,8,8,8,0,0,0,0,0,as player,
700,Billy Southworth HOF,13,1929,1951,1044,704,0.597,22,340,1770,11,11,0.5,1,4,2.4,5,4,2,4,3,as player,plyr/mgr: 1929
701,Al Spalding HOF,2,1876,1877,78,47,0.624,1,31,126,0,0,,1,5,2.9,0,0,0,1,0,as player,plyr/mgr: 1876-1877
702,Tris Speaker HOF,8,1919,1926,617,520,0.543,2,97,1139,5,2,0.714,1,6,3.4,4,1,1,1,0,as player,plyr/mgr: 1919-1926
703,Harry Spence,1,1888,1888,50,85,0.37,1,-35,136,0,0,,7,7,7,0,0,0,0,0,,
704,Chick Stahl,1,1906,1906,14,26,0.35,0,-12,40,0,0,,8,8,8,0,0,0,0,0,as player,plyr/mgr: 1906
705,Jake Stahl,4,1905,1913,263,270,0.493,7,-7,540,4,3,0.571,1,7,4.8,10,1,1,1,0,as player,plyr/mgr: 1905-1913
706,George Stallings,13,1897,1920,879,898,0.495,35,-19,1812,4,0,1,1,10,4.7,2,1,1,1,0,as player,plyr/mgr: 1897-1898
707,Eddie Stanky,8,1952,1977,467,435,0.518,4,32,906,0,0,,2,8,4.5,26,0,0,0,0,as player,plyr/mgr: 1952-1953
708,Joe Start,1,1873,1873,18,7,0.72,0,11,25,0,0,,4,4,4,0,0,0,0,0,as player,plyr/mgr: 1873
709,Turkey Stearnes HOF,1,1937,1937,0,3,0,0,-3,3,0,0,,6,6,6,,0,0,0,0,as player,
710,Casey Stengel HOF,25,1934,1965,1905,1842,0.508,19,63,3766,37,26,0.587,1,10,4.4,40,10,7,10,10,as player,
711,George Stovall,5,1911,1915,313,376,0.454,9,-63,698,0,0,,3,8,5.5,9,0,0,0,0,as player,plyr/mgr: 1911-1915
712,Harry Stovey,2,1881,1885,63,75,0.457,2,-12,140,0,0,,4,8,4.8,0,0,0,0,0,as player,plyr/mgr: 1881-1885
713,Felton Stratton,1,1933,1933,20,25,0.444,1,-5,46,0,0,,5,5,5,,0,0,0,0,as player,
714,Gabby Street,6,1929,1938,365,332,0.524,5,33,702,6,7,0.462,1,7,3.9,14,2,1,2,0,as player,plyr/mgr: 1931
715,Cub Stricker,1,1892,1892,6,17,0.261,0,-11,23,0,0,,9,9,9,0,0,0,0,0,as player,plyr/mgr: 1892
716,George Strickland,2,1964,1966,48,63,0.432,1,-15,112,0,0,,5,6,5.7,0,0,0,0,0,as player,
717,Ted Strong,1,1937,1937,17,21,0.447,1,-4,39,0,0,,4,4,4,,0,0,0,0,as player,
718,Moose Stubing,1,1988,1988,0,8,0,0,-8,8,0,0,,4,4,4,0,0,0,0,0,as player,
719,Clyde Sukeforth,1,1947,1947,2,0,1,0,2,2,0,0,,1,1,1,0,0,0,0,0,as player,
720,Billy Sullivan,1,1909,1909,78,74,0.513,7,4,159,0,0,,4,4,4,0,0,0,0,0,as player,plyr/mgr: 1909
721,Haywood Sullivan,1,1965,1965,54,82,0.397,0,-28,136,0,0,,10,10,10,0,0,0,0,0,as player,
722,Pat Sullivan,1,1890,1890,2,1,0.667,0,1,3,0,0,,2,2,2,0,0,0,0,0,,
723,Ted Sullivan,3,1883,1888,132,132,0.5,4,0,268,0,0,,1,8,5.4,0,0,0,0,0,as player,plyr/mgr: 1884
724,Mule Suttles HOF,2,1943,1944,58,67,0.464,0,-9,125,0,0,,4,5,4.5,,0,0,0,0,as player,
725,Dale Sveum,3,2008,2013,134,202,0.399,0,-68,336,1,3,0.25,2,5,4.9,10,1,0,0,0,as player,
726,Charlie Sweasy,1,1875,1875,4,15,0.211,0,-11,19,0,0,,8,8,8,0,0,0,0,0,as player,plyr/mgr: 1875
727,Bob Swift,2,1965,1966,56,43,0.566,0,13,99,0,0,,3,4,3.4,0,0,0,0,0,as player,
728,Chuck Tanner,19,1970,1988,1352,1381,0.495,5,-29,2738,7,3,0.7,1,6,3.7,38,1,1,1,1,as player,
729,El Tappe,2,1961,1962,46,70,0.397,1,-24,117,0,0,,7,9,7.3,4,0,0,0,0,as player,plyr/mgr: 1962
730,Ben Taylor HOF,8,1922,1938,197,258,0.433,11,-61,466,0,0,,1,8,4.4,,0,0,0,0,as player,
731,C.I. Taylor,2,1920,1921,104,98,0.515,8,6,210,0,0,,4,4,4,,0,0,0,0,as player,
732,Candy Jim Taylor,27,1920,1947,955,991,0.491,21,-36,1967,17,17,0.5,1,10,4.3,,6,2,3,0,as player,
733,George Taylor,1,1884,1884,40,64,0.385,5,-24,109,0,0,,9,9,9,0,0,0,0,0,,
734,Jelly Taylor,1,1946,1946,28,22,0.56,1,6,51,0,0,,4,4,4,,0,0,0,0,as player,
735,Zack Taylor,5,1946,1951,235,410,0.364,4,-175,649,0,0,,6,8,7,13,0,0,0,0,as player,
736,Birdie Tebbetts,11,1954,1966,748,705,0.515,2,43,1455,0,0,,3,6,4.8,24,0,0,0,0,as player,
737,Patsy Tebeau,11,1890,1900,726,583,0.555,30,143,1339,0,10,0,1,7,4.1,18,0,0,0,0,as player,plyr/mgr: 1890-1900
738,Gene Tenace,1,1991,1991,19,14,0.576,0,5,33,0,0,,1,1,1,0,0,0,0,0,as player,
739,Fred Tenney,4,1905,1911,202,402,0.334,12,-200,616,0,0,,7,8,7.5,8,0,0,0,0,as player,plyr/mgr: 1905-1911
740,Bill Terry HOF,10,1932,1941,823,661,0.555,12,162,1496,7,9,0.438,1,6,3.2,3,3,1,3,3,as player,plyr/mgr: 1932-1936
741,Fred Thomas,1,1887,1887,11,18,0.379,0,-7,29,0,0,,8,8,8,0,0,0,0,0,,
742,Andrew Thompson,1,1884,1884,2,6,0.25,1,-4,9,0,0,,9,9,9,0,0,0,0,0,,
743,Rob Thomson,1,2022,2022,65,46,0.586,0,19,111,11,6,0.647,3,3,3,0,1,0,1,0,,
744,Jack Tighe,2,1957,1958,99,104,0.488,0,-5,203,0,0,,4,5,4.2,4,0,0,0,0,,
745,Jayce Tingler,2,2020,2021,116,106,0.523,0,10,222,2,4,0.333,2,3,2.7,8,1,0,0,0,,
746,Joe Tinker HOF,4,1913,1916,304,308,0.497,12,-4,624,0,0,,1,7,3.8,16,0,0,1,0,as player,plyr/mgr: 1913-1916
747,Jeff Torborg,11,1977,2003,634,718,0.469,0,-84,1352,0,0,,2,7,4.6,11,0,0,0,0,as player,
748,Joe Torre HOF,29,1977,2010,2326,1997,0.538,6,329,4329,84,58,0.592,1,6,2.4,70,15,4,6,6,as player,plyr/mgr: 1977
749,Carlos Tosca,3,2002,2004,191,191,0.5,0,0,382,0,0,,3,5,3.6,5,0,0,0,0,,
750,Dick Tracewski,1,1979,1979,2,0,1,0,2,2,0,0,,5,5,5,0,0,0,0,0,as player,
751,Jim Tracy,11,2001,2012,856,880,0.493,0,-24,1736,2,6,0.25,1,6,3.5,27,2,0,0,0,as player,
752,Alan Trammell HOF,4,2003,2014,187,302,0.382,0,-115,489,0,0,,4,5,4.3,12,0,0,0,0,as player,
753,Pie Traynor HOF,6,1934,1939,457,406,0.53,5,51,868,0,0,,2,6,3.9,3,0,0,0,0,as player,plyr/mgr: 1934-1937
754,Tom Trebelhorn,7,1986,1994,471,461,0.505,0,10,932,0,0,,3,6,4.3,13,0,0,0,0,,
755,Dave Trembley,4,2007,2010,187,283,0.398,0,-96,470,0,0,,4,5,4.8,10,0,0,0,0,,
756,Sam Trott,1,1891,1891,4,7,0.364,1,-3,12,0,0,,9,9,9,0,0,0,0,0,as player,
757,Quincy Trouppe,4,1945,1948,174,140,0.554,8,34,322,5,4,0.556,1,5,2.5,,2,1,2,0,as player,
758,Ted Turner,1,1977,1977,0,1,0,0,-1,1,0,0,,6,6,6,0,0,0,0,0,,
759,Bob Unglaub,1,1907,1907,9,20,0.31,0,-11,29,0,0,,7,7,7,1,0,0,0,0,as player,plyr/mgr: 1907
760,Bobby Valentine,16,1985,2012,1186,1165,0.504,0,21,2351,13,11,0.542,2,7,3.7,44,2,0,1,1,as player,
761,George Van Haltren,1,1892,1892,1,10,0.091,0,-9,11,0,0,,12,12,12,0,0,0,0,0,as player,plyr/mgr: 1892
762,Gary Varsho,1,2004,2004,1,1,0.5,0,0,2,0,0,,2,2,2,0,0,0,0,0,as player,
763,Robin Ventura,5,2012,2016,375,435,0.463,0,-60,810,0,0,,2,5,3.8,15,0,0,0,0,as player,
764,Mickey Vernon,3,1961,1963,135,227,0.373,1,-92,363,0,0,,9,10,9.6,4,0,0,0,0,as player,
765,Bill Virdon,13,1972,1984,995,921,0.519,2,74,1918,6,9,0.4,1,6,2.9,16,3,0,0,0,as player,
766,Ossie Vitt,3,1938,1940,262,198,0.57,2,64,462,0,0,,2,3,2.7,3,0,0,0,0,as player,
767,Chris Von Der Ahe,3,1895,1897,3,14,0.176,0,-11,17,0,0,,11,12,11.8,0,0,0,0,0,,
768,John Vukovich,2,1986,1988,6,5,0.545,0,1,11,0,0,,5,6,5.8,0,0,0,0,0,as player,
769,Heinie Wagner,1,1930,1930,52,102,0.338,0,-50,154,0,0,,8,8,8,0,0,0,0,0,as player,
770,Honus Wagner HOF,1,1917,1917,1,4,0.2,0,-3,5,0,0,,8,8,8,0,0,0,0,0,as player,plyr/mgr: 1917
771,Don Wakamatsu,3,2009,2018,130,154,0.458,0,-24,284,0,0,,3,5,3.5,3,0,0,0,0,as player,
772,Harry Walker,9,1955,1972,630,604,0.511,1,26,1235,0,0,,2,10,4.6,22,0,0,0,0,as player,plyr/mgr: 1955
773,Hoss Walker,5,1944,1948,183,193,0.487,6,-10,382,1,2,0.333,2,5,3.7,,1,0,0,0,as player,
774,Bobby Wallace HOF,3,1911,1937,62,154,0.287,1,-92,217,0,0,,7,8,7.8,0,0,0,0,0,as player,plyr/mgr: 1911-1912
775,Dick Wallace,2,1920,1921,79,72,0.523,1,7,152,0,0,,3,6,4.4,,0,0,0,0,as player,
776,Ed Walsh HOF,1,1924,1924,1,2,0.333,0,-1,3,0,0,,6,6,6,0,0,0,0,0,as player,
777,Mike Walsh,1,1884,1884,68,40,0.63,2,28,110,0,0,,3,3,3,0,0,0,0,0,,
778,Bucky Walters,2,1948,1949,81,123,0.397,2,-42,206,0,0,,7,7,7,3,0,0,0,0,as player,plyr/mgr: 1948
779,John Waltz,1,1892,1892,2,6,0.25,0,-4,8,0,0,,12,12,12,0,0,0,0,0,,
780,John Ward HOF,7,1880,1894,412,320,0.563,19,92,751,0,0,,2,6,3.4,3,0,0,0,0,as player,plyr/mgr: 1880-1894
781,Frank Warfield,6,1924,1932,237,145,0.62,3,92,385,9,6,0.6,1,8,2.1,,3,1,3,0,as player,
782,Ron Washington,8,2007,2014,664,611,0.521,0,53,1275,18,16,0.529,1,5,2.3,15,3,0,2,2,as player,
783,John Wathan,6,1987,1992,326,320,0.505,0,6,646,0,0,,2,6,3.9,7,0,0,0,0,as player,
784,Bill Watkins,9,1884,1899,452,444,0.504,18,8,914,10,5,0.667,1,11,5.9,0,0,1,1,0,as player,plyr/mgr: 1884
785,Harvey Watkins,1,1895,1895,18,17,0.514,0,1,35,0,0,,9,9,9,0,0,0,0,0,,
786,Earl Weaver HOF,17,1968,1986,1480,1060,0.583,1,420,2541,26,20,0.565,1,7,2.2,96,6,1,4,4,,
787,Eric Wedge,10,2003,2013,774,846,0.478,0,-72,1620,6,5,0.545,1,4,3.3,33,1,0,0,0,as player,
788,Walt Weiss,4,2013,2016,283,365,0.437,0,-82,648,0,0,,3,5,4.3,7,0,0,0,0,as player,
789,Winfield Welch,6,1941,1948,218,190,0.534,5,28,413,7,10,0.412,1,5,2.7,,2,0,2,0,as player,
790,Willie Wells HOF,3,1942,1947,64,79,0.448,3,-15,146,0,0,,2,6,3.7,,0,0,0,0,as player,
791,Charles Wesley,5,1924,1930,129,190,0.404,7,-61,326,0,0,,5,8,6.2,,0,0,0,0,as player,
792,Wes Westrum,5,1965,1975,260,366,0.415,1,-106,627,0,0,,3,10,7.3,9,0,0,0,0,as player,
793,Harry Wheeler,1,1884,1884,0,4,0,0,-4,4,0,0,,8,8,8,0,0,0,0,0,as player,plyr/mgr: 1884
794,Deacon White HOF,2,1872,1879,9,11,0.45,0,-2,20,0,0,,5,7,5.2,0,0,0,0,0,as player,plyr/mgr: 1872-1879
795,Jo-Jo White,1,1960,1960,1,0,1,0,1,1,0,0,,4,4,4,0,0,0,0,0,as player,
796,Sol White HOF,1,1924,1924,11,20,0.355,0,-9,31,0,0,,8,8,8,,0,0,0,0,,
797,Warren White,1,1874,1874,9,38,0.191,0,-29,47,0,0,,8,8,8,0,0,0,0,0,as player,plyr/mgr: 1874
798,Will White,1,1884,1884,44,27,0.62,1,17,72,0,0,,5,5,5,0,0,0,0,0,as player,plyr/mgr: 1884
799,Del Wilber,1,1973,1973,1,0,1,0,1,1,0,0,,6,6,6,0,0,0,0,0,as player,
800,Kaiser Wilhelm,2,1921,1922,83,137,0.377,1,-54,221,0,0,,7,8,7.3,0,0,0,0,0,as player,plyr/mgr: 1921
801,Bobby Williams,1,1934,1934,4,24,0.143,0,-20,28,0,0,,8,8,8,,0,0,0,0,as player,
802,Dick Williams HOF,21,1967,1988,1571,1451,0.52,1,120,3023,21,23,0.477,1,7,3.2,57,5,2,4,4,as player,
803,Harry Williams,2,1943,1944,18,45,0.286,1,-27,64,0,0,,3,6,5.3,,0,0,0,0,as player,
804,Jim Williams,1,1940,1940,10,5,0.667,0,5,15,0,0,,3,3,3,,0,0,0,0,as player,
805,Jimmy Williams,3,1884,1888,110,169,0.394,3,-59,282,0,0,,4,8,6.3,0,0,0,0,0,,
806,Jimy Williams,12,1986,2004,910,790,0.535,1,120,1701,5,9,0.357,1,5,2.6,33,2,0,0,0,as player,
807,Joe Williams HOF,1,1923,1923,18,23,0.439,0,-5,41,0,0,,5,5,5,,0,0,0,0,as player,
808,Matt Williams,2,2014,2015,179,145,0.552,0,34,324,1,3,0.25,1,2,1.5,3,1,0,0,0,as player,
809,Nish Williams,2,1938,1939,13,20,0.394,0,-7,33,0,0,,5,6,5.8,,0,0,0,0,as player,
810,Poindexter Williams,3,1928,1932,40,58,0.408,1,-18,99,0,0,,3,6,5,,0,0,0,0,as player,
811,Ted Williams HOF,4,1969,1972,273,364,0.429,0,-91,637,0,0,,4,6,5.2,0,0,0,0,0,as player,
812,Maury Wills,2,1980,1981,26,56,0.317,1,-30,83,0,0,,6,7,6.7,3,0,0,0,0,as player,
813,Fred Wilson,1,1943,1943,17,33,0.34,3,-16,53,0,0,,6,6,6,,0,0,0,0,as player,
814,Jimmie Wilson,9,1934,1944,493,735,0.401,9,-242,1237,0,0,,4,8,6.7,17,0,0,0,0,as player,plyr/mgr: 1934-1938
815,Jud Wilson HOF,4,1932,1939,105,102,0.507,6,3,213,0,0,,2,6,2.8,,0,0,0,0,as player,
816,Bobby Wine,1,1985,1985,16,25,0.39,0,-9,41,0,0,,5,5,5,0,0,0,0,0,as player,
817,Ivey Wingo,1,1916,1916,1,1,0.5,0,0,2,0,0,,7,7,7,0,0,0,0,0,as player,plyr/mgr: 1916
818,Bobby Winkles,4,1973,1978,170,213,0.444,1,-43,384,0,0,,4,7,5.4,5,0,0,0,0,,
819,Chicken Wolf,1,1889,1889,14,51,0.215,0,-37,65,0,0,,8,8,8,0,0,0,0,0,as player,plyr/mgr: 1889
820,Harry Wolverton,1,1912,1912,50,102,0.329,1,-52,153,0,0,,8,8,8,4,0,0,0,0,as player,plyr/mgr: 1912
821,George Wood,1,1891,1891,67,55,0.549,3,12,125,0,0,,4,4,4,0,0,0,0,0,as player,plyr/mgr: 1891
822,Jimmy Wood,5,1871,1875,105,99,0.515,2,6,206,0,0,,2,9,4.7,0,0,0,0,0,as player,plyr/mgr: 1871-1873
823,Parnell Woods,3,1942,1944,116,98,0.542,2,18,216,0,0,,1,3,1.6,,0,0,0,0,as player,
824,Chris Woodward,4,2019,2022,211,287,0.424,0,-76,498,0,0,,3,5,3.9,7,0,0,0,0,as player,
825,Al Wright,1,1876,1876,14,45,0.237,1,-31,60,0,0,,7,7,7,0,0,0,0,0,,
826,George Wright HOF,1,1879,1879,59,25,0.702,1,34,85,0,0,,1,1,1,0,0,0,1,0,as player,plyr/mgr: 1879
827,Harry Wright HOF,23,1871,1893,1225,885,0.581,35,340,2145,0,0,,1,6,3.2,0,0,0,6,0,as player,plyr/mgr: 1871-1877
828,Rudy York,1,1959,1959,0,1,0,0,-1,1,0,0,,5,5,5,0,0,0,0,0,as player,
829,Tom York,2,1878,1881,56,37,0.602,3,19,96,0,0,,2,3,2.6,0,0,0,0,0,as player,plyr/mgr: 1878-1881
830,Eddie Yost,1,1963,1963,0,1,0,0,-1,1,0,0,,10,10,10,0,0,0,0,0,as player,
831,Ned Yost,16,2003,2019,1203,1341,0.473,0,-138,2544,22,9,0.71,1,6,3.5,47,2,1,2,2,as player,
832,Cy Young HOF,1,1907,1907,3,3,0.5,0,0,6,0,0,,7,7,7,0,0,0,0,0,as player,plyr/mgr: 1907
833,Nick Young,3,1871,1873,25,53,0.321,2,-28,80,0,0,,4,8,5.9,0,0,0,0,0,,
834,Charles Zimmer,1,1903,1903,49,86,0.363,4,-37,139,0,0,,7,7,7,0,0,0,0,0,as player,plyr/mgr: 1903
835,Don Zimmer,13,1972,1991,885,858,0.508,1,27,1744,1,4,0.2,1,6,3.8,20,1,0,0,0,as player,
