last_name, first_name,pitcher,ff_avg_speed,si_avg_speed,fc_avg_speed,sl_avg_speed,ch_avg_speed,cu_avg_speed,fs_avg_speed,kn_avg_speed
Burnes, Corbin,669203,96.1,96.3,95,88.2,90.3,81.6,,
Cole, Gerrit,543037,97.8,,92,88.7,89.7,83,,
Alcantara, Sandy,645261,98,97.8,,90,91.8,86.2,,
Mikolas, Miles,571945,93.5,93,,87.7,82.7,76.2,,
Cease, Dylan,656302,96.8,96.5,,87.4,77.9,81.1,,
Wainwright, Adam,425794,88,88.6,84.3,,82.2,72.9,,
Pivetta, Nick,601713,93.4,,,85.8,87.1,77.2,,
Kelly, Merrill,518876,92.6,92.6,90.9,85,88.6,82.2,,
Ray, Robbie,592662,93.4,93.3,,87.2,86.9,79.7,,
Nola, Aaron,605400,92.8,92.2,86.8,,85.9,78.6,,
Valdez, Framber,664285,94.1,93.9,83,,88.7,79.1,,
Gilbert, Logan,669302,96.1,94.7,,86.9,86.2,80.8,,
Webb, Logan,657277,92.4,91.8,,82.5,86.4,,,
Lyles, Jordan,543475,91.8,90.8,84.8,80,86.3,79.1,,
Rodón, Carlos,607074,95.5,,,85.4,84.6,79.8,,
Pérez, Martín,527048,92.7,92.6,89.8,84.4,84.4,78.8,,
Darvish, Yu,506433,95,94.7,86.5,82.3,,72.7,89.2,
Manoah, Alek,666201,93.9,93.3,,81.5,86.5,,,
Gallen, Zac,668678,94.1,94.7,89.9,86.7,86.2,81.6,,
Quantrill, Cal,615698,93.4,93.6,88.5,,85.3,82.7,,
López, Pablo,641154,93.5,93.4,88.7,,87.5,80.9,,
Morton, Charlie,450203,94.9,94.7,88.4,,87.2,81.3,,
Bassitt, Chris,605135,93.2,92.8,89.1,78.9,85.4,71.6,,
Bieber, Shane,669456,91.3,,86.9,85,86.4,82,,
Freeland, Kyle,607536,90.3,89.6,,85.5,84.8,80.9,,
Márquez, Germán,608566,95.6,95.1,,87.7,87.8,86.5,,
Gonzales, Marco,594835,88.4,,86.1,,79.4,76.6,,
Musgrove, Joe,605397,92.9,92.4,90.1,82.9,86.5,81.3,,
Fried, Max,608331,94,93.6,,87.3,86.5,74.3,,
McKenzie, Triston,663474,92.5,,,87.3,,79.4,,
Taillon, Jameson,592791,94.1,94.2,90.7,86.2,87.7,81.1,,
Gausman, Kevin,592332,95,,,84.4,84.5,,85.2,
Giolito, Lucas,608337,92.6,,,84.4,81,79.2,,
Gibson, Kyle,502043,92,91.6,89.4,83.3,84.6,79,,
Quintana, José,500779,91.2,91.4,,,86.4,78.4,,
Berríos, José,621244,94,93.9,,,84.6,82.9,,
Montgomery, Jordan,656756,93,93,88.3,,82.3,80.2,,
Bumgarner, Madison,518516,91.2,91.2,87.4,83.3,85.5,78.6,,
Wright, Kyle,657140,95.1,94.4,,90.1,88.1,84.7,,
Lauer, Eric,641778,93.3,,89.8,86.7,87.2,78.2,,
Keller, Mitch,656605,95.5,94.4,,84.3,91.2,78.7,,
Urquidy, José,664353,93.5,,87.4,80.1,86.1,78.1,,
Ohtani, Shohei,660271,97.3,97.2,90.5,85.3,,77.7,89.3,
Corbin, Patrick,571578,92.1,92.9,,81.7,82.5,74.2,,
Urías, Julio,628711,93.1,93.9,,,86.2,80.9,,
Irvin, Cole,608344,90.7,90.3,87.1,86.7,83,77.5,,
Verlander, Justin,434378,95,,,87.4,86.2,79,,
Gray, Josiah,680686,94.4,94.7,,85.8,88.2,82.7,,
Anderson, Tyler,542881,90.7,89,85.7,,79,73.2,,
Suárez, Ranger,624133,93.2,92.5,89.7,82.5,84.9,76.5,,
Javier, Cristian,664299,93.8,,,79.8,85.3,76.5,,
Dunning, Dane,641540,86.9,89.5,87.1,78.7,84,,,
Woodruff, Brandon,605540,96.3,95.8,,88,86.1,84,,
Castillo, Luis,622491,97.1,96.9,,86.5,88.4,,,
Walker, Taijuan,592836,93.7,92.9,88.6,84.8,,75,88.8,
Manaea, Sean,640455,,91.2,,81.4,84.9,77.1,,
Garcia, Luis,677651,94,90.6,85.3,79.6,84.8,77.1,,
Cortes, Nestor,641482,91.8,90.8,86.9,77.1,82.9,72.4,,
McClanahan, Shane,663556,96.7,,,89.3,87.7,82,,
Sandoval, Patrick,663776,93.1,93.4,,86.3,83.7,78.6,,
Kluber, Corey,446372,88.9,88.9,86.3,,82.9,80.7,,
Lynch, Daniel,663738,94,93.4,,85.9,84.8,81.1,,
Fedde, Erick,607200,,92.5,89.2,,86,78.4,,
Cobb, Alex,502171,95.5,94.8,,,,83.8,89.6,
Carrasco, Carlos,471911,93.2,91.9,,84.9,87.4,81.1,,
Ryan, Joe,657746,92,,,82,84.6,74.9,,
Brubaker, JT,664141,92.7,93.1,,86.7,87.2,80,,
Singer, Brady,663903,92.6,93.8,,85.5,86.9,,,
Kuhl, Chad,641771,92.9,92.8,,86.5,87.9,79.5,,
Cueto, Johnny,456501,91.4,91.4,86.9,83.5,82.6,69.9,,
Wheeler, Zack,554430,95.9,95.4,,90.6,89.5,81.3,,
Snell, Blake,605483,95.8,,,88.9,87.1,81.4,,
Montas, Frankie,593423,96.1,95.6,89.5,87.2,,,86.4,
Davies, Zach,605200,,89.6,87.6,76,79.7,74.7,,
Strider, Spencer,675911,98.2,,,86.3,88.9,,,
Keller, Brad,641745,94.5,93.4,,86.9,90,,,
Greinke, Zack,425844,89.1,89.3,85.8,82.2,86.5,72,,
Bubic, Kris,663460,91.9,,,,80.7,79.4,,
Hudson, Dakota,641712,91.4,91.9,,87.8,86.5,80.5,,
Wood, Alex,622072,,92.4,,84.5,85.7,,,
Rasmussen, Drew,656876,95.5,94.8,90.3,84.6,,79.6,,
Kaprielian, James,621076,94,94.4,,85,85.2,79.3,,
Otto, Glenn,657248,92.1,92.2,,81.1,88.2,81.2,,
Flexen, Chris,623167,91.7,,87.4,80.9,81.1,74.6,,
Greene, Hunter,668881,98.9,,,88.1,90.1,,,
Stroman, Marcus,573186,92.4,92,89.4,84.7,,81.3,87,
Detmers, Reid,672282,93.2,93.7,,85.9,84.2,73.1,,
Bundy, Dylan,605164,89,89.7,,79.1,81.1,72.2,,
Scherzer, Max,453286,94,,89.2,85,84.1,75,,
Plesac, Zach,668676,91.9,89.4,,85.4,85.7,79.3,,
Springs, Jeffrey,605488,91.4,90.1,,85.4,81.1,,,
Mahle, Tyler,641816,93.2,,85.5,83.9,,,85.4,
Kirby, George,669923,95.3,94.7,88.3,85.5,86,80.8,,
Thompson, Zach,605507,92.3,92.2,86.8,,85.7,76.6,,
Gray, Jon,592351,95.9,,,84.9,88.7,77.8,,
Gomber, Austin,596295,91,,,84.3,82,75.8,,
Stripling, Ross,548389,91.9,89.9,,87.1,82.6,76.1,,
Steele, Justin,657006,92.2,91.6,,82.1,87.5,78.1,,
Syndergaard, Noah,592789,94.1,93.6,,84.8,88.5,76.4,,
Lynn, Lance,458681,93,91.5,89,86.6,85.8,82,,
Gonsolin, Tony,664062,93.1,,,87.5,,80.7,83.5,
Kopech, Michael,656629,94.9,,,84.3,85.2,78.4,,
Anderson, Ian,666120,94,93.5,,,88.2,81.7,,
Bradish, Kyle,680694,94.6,95.3,,86.9,89.9,83.2,,
Hill, Rich,448179,88.5,86.1,84.2,69.2,82.7,71.9,,
Wacha, Michael,608379,93,92.6,88.8,,84.3,74.7,,
Kremer, Dean,665152,93.5,91.7,88,,83.8,76.5,,
Rogers, Trevor,669432,94.6,94.9,,80.7,85.7,,,
Clevinger, Mike,605182,93.6,93.2,86.6,79.9,86.3,76.8,,
Skubal, Tarik,669373,94.1,94.8,,89.3,83.6,76.9,,
Peterson, David,656849,93.7,93.2,,84.4,85.8,78.5,,
Ashby, Aaron,676879,95.5,95.7,,83.5,89.1,79.7,,
Thompson, Keegan,624522,93.5,92.8,89.8,83.9,86.1,81.3,,
Espino, Paolo,502179,88.5,,,77.7,83.6,71.3,,
Gray, Sonny,543243,92.1,92,83.4,81.6,87.1,78.7,,
Houser, Adrian,605288,94.3,93.8,,85,85.4,81.1,,
Kikuchi, Yusei,579328,94.9,,91.1,86.5,87,,,
Kershaw, Clayton,477132,90.7,90.8,,86.6,83.8,73.2,,
Wilson, Bryse,669060,92.7,92.1,,83.4,85.1,77.2,,
Junis, Jakob,596001,90.8,91.9,85.6,83.1,84.7,,,
Odorizzi, Jake,543606,92.1,,87.6,82.6,,71.9,85.1,
Heasley, Jonathan,669169,93.4,93.1,,85.6,84.9,78.5,,
Archer, Chris,502042,93,,,88.7,87,81.7,,
Hearn, Taylor,621368,94.8,93.8,88.7,84.9,87.6,,,
Suarez, José,660761,92.7,91.7,,81.7,82.4,78,,
Blackburn, Paul,621112,91.5,91.7,87.1,79.1,86,78.8,,
Voth, Austin,608723,93.5,,89.5,83.6,87.2,77.5,,
Hutchison, Drew,571800,92.4,92.7,,86,86.5,,,
Ashcraft, Graham,668933,,97.2,97.3,85.8,89.8,,,
Pallante, Andre,669467,95.2,94.8,,86.9,83.1,76.5,,
Minor, Mike,501985,90.4,89.9,,85.4,84.2,79.2,,
Eovaldi, Nathan,543135,95.7,,90.6,85.9,,78.3,87.8,
Smyly, Drew,592767,,92.6,88.6,,82.6,78.7,,
Martinez, Nick,607259,93.4,93.3,88.6,,79.7,81.7,,
White, Mitch,669952,93.7,94.2,,85.4,87.2,80.2,,
Sampson, Adrian,592716,92.5,91.9,84.9,83.1,85.1,,,
Lodolo, Nick,666157,94.4,94.2,,,88.3,81.5,,
Feltner, Ryan,663372,94.5,93.5,,84.4,83.8,77.9,,
Lorenzen, Michael,547179,94.6,93.9,90.4,83.4,85.7,81.3,,
Wells, Tyler,669330,93.5,,,87.5,86.7,77.8,,
Luzardo, Jesús,666200,96.3,95.7,,,87.2,83.7,,
Watkins, Spenser,657093,91.4,90.9,87.1,78.4,86,76.8,,
Ureña, José,570632,96.1,95.6,,86.8,90.2,,,
Severino, Luis,622663,96.3,96,90.4,85.2,88.8,,,
Alexander, Tyler,641302,90.1,90.1,85.5,77.7,82.8,,,
Contreras, Roansy,672710,95.6,,,83.8,89.7,78.9,,
Civale, Aaron,650644,90.7,91.3,86.3,80.4,,75.9,85.5,
Senzatela, Antonio,622608,94.2,92.8,,86.1,87,78.2,,
Rodriguez, Eduardo,593958,91.7,91.7,88.7,82.7,85.5,,,
Garrett, Braxton,666129,91.4,90.9,,84.1,85.9,78.7,,
Williams, Trevor,592866,91.2,89,,83.2,84.4,78.6,,
Crowe, Wil,640444,95.1,94.4,,87.6,85.9,81.6,,
Yarbrough, Ryan,642232,,86.7,82.3,,78.6,71.3,,
Peralta, Freddy,642547,92.6,,,80.3,85.9,75.8,,
Hendricks, Kyle,543294,86.9,86.5,,,79.9,72.7,,
Burke, Brock,656271,95,93.5,,87.2,88.1,,,
Crawford, Kutter,676710,94.6,,88.8,85.2,86.6,79.7,,
Falter, Bailey,663559,91.4,91,,83.5,83.1,76.6,,
Oller, Adam,670124,93.3,93.6,89.5,84.3,86.5,80.5,,
Brieske, Beau,689225,94.3,93.6,,86.2,82,78.1,,
Velasquez, Vince,592826,93.2,91.9,,84.7,88.1,81.5,,
Scott, Tanner,656945,96.9,,,89.2,,,,
Gore, MacKenzie,669022,94.7,,,87.4,84.8,80.8,,
Moore, Matt,519043,93.9,,,,85,83.6,,
Cessa, Luis,570666,93.3,93.6,,82.9,87.8,,,
Akin, Keegan,669211,93.5,,,85.3,84.1,75.1,,
Smith, Caleb,592761,91.9,,,85.4,83.6,78.9,,
Sánchez, Aníbal,434671,89.9,89.1,87.3,83.2,79.9,75.4,,
Heaney, Andrew,571760,93,,,83.4,85,,,
Ramírez, Erasmo,541640,93.7,93.1,89.2,,85.4,80.6,,
Cabrera, Edward,665795,96,95.8,,86.8,92.5,83.8,,
Coleman, Dylan,669395,97.5,98,,83.3,,,,
Adon, Joan,672851,95,94.9,,86.2,87.4,79.7,,
Nelson, Nick,656793,96.3,,,89.9,87.9,81.9,,
Chavez, Jesse,445926,90.6,91.2,89.1,,85.5,76.9,,
Barlow, Scott,605130,93.6,92.6,,84.1,,78.6,,
Winckowski, Josh,670174,93.7,94,88.6,84.8,89.9,,,
Eflin, Zach,621107,93.1,92.7,90,85.6,87,78.3,,
Baker, Bryan,641329,96.2,,87.3,,84,,,
Cishek, Steve,518553,89.3,89.8,,76.5,83.1,,,
De Jong, Chase,608328,92.8,93.4,,83.6,86.4,77.7,,
Diekman, Jake,518617,95.6,95.3,,81.4,86.4,,,
Rogers, Tyler,643511,83.2,83.5,,72.1,,,,
Whitlock, Garrett,676477,95.1,95.3,,83.2,84.6,,,
Keuchel, Dallas,572971,87.9,87.2,85.2,77,79.2,,,
Richards, Trevor,670950,93.4,,,,84.1,85.1,,
López, Jorge,605347,97.3,97.7,,87.4,90,84.1,,
Alexander, Jason,669920,93.1,92.4,,81.2,81.5,,,
Jax, Griffin,643377,95.4,,,86.4,89.8,82.6,,
Phelps, David,475479,93.2,93.2,89.8,,86.5,81.7,,
Wick, Rowan,592858,94.9,91.7,93.1,82.2,82.9,76.8,,
Smeltzer, Devin,656970,89.5,88.6,84.8,77.1,82.2,75.2,,
Zimmermann, Bruce,669145,90.6,90.5,,85.1,84.7,81,,
Pagán, Emilio,641941,95.6,,85.8,84.6,,80.2,88.4,
Barría, Jaime,642545,92,91.7,,85.3,85,,,
Doval, Camilo,666808,,98.4,99.4,87.7,,,,
Davis, Austin,656354,94.1,93.6,,80.5,86.3,77.7,,
Ruiz, José,614179,96.9,96,,,89.9,86.3,,
Winder, Josh,680739,94,,,84.3,88.9,81,,
Minter, A.J.,621345,96.6,,90.3,,87.6,,,
Soto, Gregory,642397,98.7,98.1,,89.3,91.8,,,
Stratton, Chris,608717,92.8,92.9,,86.7,86.8,80.8,,
Hernandez, Elieser,622694,91.6,92,,80.1,84.6,,,
Montero, Rafael,606160,96.4,95.9,,87.9,91.1,,,
Brebbia, John,605154,94.4,,,84,,,,
Boxberger, Brad,502202,92.7,,,87.3,81.2,,,
Maton, Phil,664208,91,90.2,82.4,80.9,84.2,74.5,,
Milner, Hoby,571948,89.2,88.9,,,81.3,79.5,,
Leiter Jr., Mark,643410,91.1,90.9,87.3,79.4,84.2,73.2,,
Rogers, Taylor,573124,93.6,94.3,,80.9,,,,
Vest, Will,676684,95.1,95.3,,86.4,86.8,,,
Strickland, Hunter,519326,95,94.3,,84.8,89.8,,,
Germán, Domingo,593334,92.7,92.7,,,85.9,81,,
Sears, JP,676664,93.2,,,79.2,82.7,,,
Lugo, Seth,607625,94.4,94.4,,88.9,87.6,79.8,,
Kimbrel, Craig,518886,95.8,,,,,85.7,,
Tate, Dillon,622253,93,94,,80.4,83.9,,,
McHugh, Collin,543521,91,,88.9,80.2,,74.5,,
Puk, A.J.,640462,96.7,96.1,,86.9,89,,,
Beede, Tyler,595881,95.8,95.6,,88,84.8,79.1,,
Suter, Brent,608718,86.4,87.4,,,77.2,78.8,,
Williams, Devin,642207,93.9,,87,,83.4,,,
Crismatt, Nabil,622503,90.5,90,,84.7,82.7,73.2,,
Ottavino, Adam,493603,94.8,94.2,87.8,81,89.1,,,
Díaz, Alexis,664747,95.7,,,86.9,,81.4,,
Finnegan, Kyle,640448,,97,,89,,,88.6,
Robertson, David,502085,,,93,83.9,,84.7,,
Hicks, Jordan,663855,100.1,99.4,,84.7,92.1,,,
Armstrong, Shawn,542888,95.3,95.6,92.3,86.1,,,,
Buehler, Walker,621111,95.2,94.9,91.5,83.5,90.5,79.2,,
Lange, Alex,656638,95.7,96.2,,,89.7,85.5,,
Cimber, Adam,643256,86.5,86.5,,77.8,,,,
Fulmer, Michael,605242,94.2,94.5,,90.3,86.5,78.9,,
Martin, Davis,663436,94,,,84.3,85.9,79.7,,
Pilkington, Konnor,663455,92.1,93.3,,81.9,84.4,77,,
Garcia, Yimi,554340,94.9,93.8,,89.4,87.2,82.4,,
Graveman, Kendall,608665,96.6,96.5,,88.7,90.7,83.3,,
Hernández, Carlos,672578,96.8,94.1,,85.8,,82.1,85,
Stephan, Trevor,663986,96.5,,,85.9,,,87.9,
Sanmartin, Reiver,665665,90.9,90.5,,82,85.2,,,
Muñoz, Andrés,662253,100.2,,,88.6,,,,
Duran, Jhoan,661395,100.8,,,89.7,,87.8,96.4,
Logue, Zach,656657,90.1,,85.9,,82,77.5,,
Estévez, Carlos,608032,97.5,,,87.3,88.4,,,
Givens, Mychal,571710,93.4,,,84.7,82.1,,,
Schreiber, John,670167,94.5,93.4,,82.1,88.5,,,
Hill, Garrett,682051,92,91.7,,82.6,82.2,77.1,,
Abreu, Bryan,650556,97.2,96,,88.4,89.7,84.5,,
Morgan, Eli,669212,92.1,,89.3,85.7,75.9,80.5,,
Martínez, Adrián,661309,,93.8,,82,84,,,
García, Jarlín,606424,93.8,,,82.7,85.2,,,
Edwards Jr., Carl,605218,94.6,,,,90.6,80.2,,
Neris, Héctor,593576,94.3,94.5,,87.6,,,85.1,
Norris, Daniel,596057,91.2,90.9,,79.9,86.7,76.1,,
Sanchez, Aaron,592717,92.4,92.1,,,87.8,79.1,,
Jansen, Kenley,445276,,93.6,92.2,81.2,,,,
Acevedo, Domingo,642758,93,92.2,,86.5,86.8,,,
Underwood Jr., Duane,621249,95.9,95.3,92.4,,89.6,82.7,,
Murfee, Penn,682171,89,88.9,,79.7,,,,
Beeks, Jalen,656222,95,,87.5,82.1,90.3,,,
Machado, Andres,600921,95.6,95,,87.1,88.9,,,
Bello, Brayan,678394,97,96.3,,85,88.2,80.2,,
Herget, Jimmy,623474,92.1,90.4,,83.2,84.3,74.8,,
Thielbar, Caleb,573204,92.8,,,81.3,82.7,73,,
Bautista, Félix,642585,99.2,,,85.2,,,88.4,
Santana, Dennis,642701,97.7,96.7,,85.8,89.9,,,
Bickford, Phil,641360,94.1,,,83.3,,,,
Manning, Matt,666159,93.2,92.8,,83.7,86.2,79.7,,
Romano, Jordan,605447,96.9,96.5,,87.3,,,,
Gallegos, Giovanny,606149,94.3,,,85.5,87.1,,,
Bass, Anthony,542914,95,95.4,,86.6,,,86.7,
Smith, Will,519293,92.1,,,81.7,87.4,76.9,,
Brasier, Ryan,518489,95.9,96.1,,85.5,88.1,,,
López, Reynaldo,625643,97.1,,,87.4,85.9,80.4,,
Oviedo, Johan,670912,96,,,85.7,88.8,78.4,,
Iglesias, Raisel,628452,95,94.8,,84.1,88.7,,,
Krehbiel, Joey,607216,94.4,,86.3,79.8,84.3,,,
Holmes, Clay,605280,98,97,,86,,,,
Sewald, Paul,623149,92.5,,,82.8,,,,
Poche, Colin,621363,93.2,,,82.1,,78.8,,
Luetge, Lucas,476595,,,87.6,77.4,,73.5,,
Shaw, Bryan,543766,,92.4,92.9,84.3,81.8,82.7,,
Okert, Steven,595345,93.7,,,82,,,,
Loup, Aaron,571901,,91.2,84.7,,80.3,76,,
Faedo, Alex,656412,92.7,,,85,86.2,,,
García, Luis,472610,97.4,98.7,,82.7,,,88.8,
Bellatti, Andrew,571479,94.4,,,85.9,89.5,,,
Helsley, Ryan,664854,99.6,,,89.1,89.7,80.7,,
Foley, Jason,671345,96.1,96.3,,85.5,89.5,,,
Trivino, Lou,642152,95.6,95.8,92.3,81.9,87.4,76.8,,
Bard, Daniel,453268,97.8,98,,88.4,90.2,,,
Payamps, Joel,606303,94.8,94.3,,82.2,88.9,,,
Hughes, Brandon,676714,93.2,93.2,,82.9,85.3,,,
Vesia, Alex,681911,94.1,,,85,85.6,,,
Hendriks, Liam,521230,97.6,,,89,,85.8,,
Hentges, Sam,656529,95.7,95.7,,88,,81.3,,
Stephens, Jackson,623451,94.1,94,,86.9,85.9,76.8,,
Hader, Josh,623352,,97.4,,84,88.6,,,
Adam, Jason,592094,94.8,,,81.3,90,79.6,,
deGrom, Jacob,594798,98.9,,,92.6,92,83.4,,
Jiménez, Joe,641729,95.7,,,84.8,90.7,,,
Brash, Matt,666374,96.9,,,86.8,85.9,84.5,,
Díaz, Edwin,621242,99.1,,,90.8,,,,
Schmidt, Clarke,657376,94.7,94.9,,86.4,89.6,83.5,,
Kuhnel, Joel,669270,96.2,96,,86.8,90.2,,,
Phillips, Evan,623465,96,96.2,93.3,85.3,,,,
Clase, Emmanuel,661403,99.9,,99.5,91.9,,,,
Houck, Tanner,656557,95.2,94.5,,85.4,,,87.6,
Stephenson, Robert,596112,96.8,,,83.9,,77.5,88.1,
Davidson, Tucker,656353,93.2,93,,86.6,85.4,78.4,,
Bush, Matt,456713,97.3,,92.9,,,81,,
Pérez, Cionel,672335,97,96.5,,83.9,,,,
Chafin, Andrew,605177,91.6,91.6,,82.9,84.7,,,
Festa, Matthew,670036,92.6,92.5,,82.9,,,,
Banks, Tanner,621383,92.9,,,86.7,84.9,82.1,,
Stanek, Ryne,592773,98.3,,,87.1,,,88.6,
Rucker, Michael,621074,94.7,,88.8,86.4,90,80.6,,
Tepera, Ryan,572193,92.6,92.9,,85.2,85.8,81.6,,
Mayers, Mike,594577,93.5,92,88.3,84.4,86.7,77.2,,
Jackson, Zach,667427,94.5,,94.2,85.2,88.9,,,
Melancon, Mark,453343,91.7,,90.9,84.1,,81.7,83.7,
García, Rony,665621,92.9,92.5,,,87.5,80.3,,
Alvarado, José,621237,97.8,99.6,93.8,,,86.5,,
Swanson, Erik,657024,93.6,,,84.9,,,83.5,
Wilson, Steven,621051,95.1,,,82.2,85.1,,,
Elder, Bryce,693821,91.6,90.7,90.5,82.4,86,78.6,,
Kennedy, Ian,453178,93.4,,85.8,,85.7,79.6,,
Floro, Dylan,571670,92.4,92.6,,84.1,85.2,,,
Mantiply, Joe,573009,91,90.4,,,82.6,81.1,,
Clarke, Taylor,664199,95.6,,,88.4,89,,,
Martin, Chris,455119,95.3,94.6,91.7,84.1,,83.9,88.4,
Marte, Yunior,628708,97.8,96.9,,86,90.9,,,
Ober, Bailey,641927,91.5,,,82.9,84.3,76.7,,
Matz, Steven,571927,,94.5,,89.6,85.1,78,,
Hoffman, Jeff,656546,94.2,,,81.2,87.7,,,
Raley, Brooks,548384,90.5,90.7,88,81.4,85.5,80,,
De Los Santos, Enyel,660853,95.3,,,83.1,87.3,,,
Abbott, Cory,676265,91.3,,,86.6,,84.4,,
Bednar, David,670280,96.4,95.2,,,,77.1,89.8,
Rodríguez, Joely,570257,92.8,92.7,,83.9,87.8,,,
Castillo, Diego,650895,95.7,95.1,,88.4,,,,
Sawamura, Hirokazu,617228,95.9,,,85.8,,,92,
Farmer, Buck,571656,94.6,,,83.3,88.7,,,
Ramirez, Noé,598287,89.7,,,,84.1,78,,
Wantz, Andrew,681806,93.8,,87.9,81.3,86.9,,,
Leone, Dominic,608678,95.5,94.8,91.4,85.1,,,,
Domínguez, Seranthony,622554,97.6,98.2,92.9,89.5,92,,,
Lambert, Jimmy,669424,94.3,,,84.4,85.4,76.8,,
Familia, Jeurys,544727,95.4,95.2,,88.7,,,92.5,
Hand, Brad,543272,92.6,92.4,,79.3,,,,
Peralta, Wandy,593974,95.4,95.4,,87.6,88.6,,,
Effross, Scott,664123,90.8,90.3,,79.8,83,,,
Pruitt, Austin,643493,91.4,,,87.5,86.2,80.9,,
Garrett, Amir,607237,94.2,93.4,,84.7,,,,
Colomé, Alex,517008,94.5,,90.8,,,,,
Suarez, Robert,663158,97.9,97,93.6,,89.3,80.6,,
Gilbreath, Lucas,656458,93.8,,,82.7,,,85,
Knebel, Corey,608349,95.6,,,79.6,,78.7,,
Megill, Tylor,656731,95.7,,87.4,85.2,89.1,80.4,,
Chacín, Jhoulys,468504,92.6,92.9,,87,85.4,79.8,,
Leclerc, José,600917,96.5,,89.2,83.3,89.7,,,
Smith, Drew,622098,95.7,95.6,,85.4,85.2,77.7,,
Snead, Kirby,669912,93.5,93.3,,82,87.6,,,
Megill, Trevor,656730,98,98.9,,88.5,,83.3,,
Henry, Tommy,674072,91.6,91.3,,85.7,84.7,80.6,,
Bleier, Richard,542947,90.7,89.8,87.3,77.7,82.9,,,
Foster, Matt,641582,93.7,,92.6,85.8,83.9,79.6,,
King, Michael,650633,96.4,95.5,,82.3,88.3,,,
Strahm, Matt,621381,94.2,94,,88.6,88.2,82.7,,
Lawrence, Justin,664875,,95.1,,82.3,,,,
Loáisiga, Jonathan,642528,98.2,98,,,89.9,86.9,,
Gott, Trevor,641627,95.2,95.1,91.5,,90.2,82.7,,
McCullers Jr., Lance,621121,,93.1,88.3,85.1,87,82.7,,
Littell, Zack,641793,94.5,,,87.9,,,85.6,
Marinaccio, Ron,676760,94.6,,,80.4,83.9,,,
Lee, Dylan,669276,92.1,,,83.8,86.3,,,
Nance, Tommy,667297,93.8,94.2,,86.9,,85.3,,
Martin, Brett,656685,93.5,93.5,,86.8,,82.8,,
Wisler, Matt,605538,89.7,,,79.8,,,,
King, John,667463,,92.4,86.7,78.9,80.7,,,
Castellanos, Humberto,528748,89.4,90.4,,86.2,84,76.5,,
Bird, Jake,656234,,95,91.4,,88,81.7,,
Hill, Tim,657612,91.5,89.5,88.9,82.4,,,,
Cotton, Jharel,605194,92.7,,,79.5,79.7,76.2,,
Sandlin, Nick,680704,93.6,93.5,,78.9,,,88.3,
Long, Sam,669674,94.7,93,,,84.3,77,,
Weems, Jordan,607179,96.8,,,88.2,87.3,80.1,,
Moll, Sam,594580,,93.3,,81.7,,,,
Pepiot, Ryan,686752,93.9,,,86.7,86.8,,,
Cabrera, Génesis,650893,96.1,95.9,,87.4,90.2,79.3,,
Pineda, Michael,501381,89.9,,,80.7,85.3,,,
Staumont, Josh,622251,96.1,97.1,,,,82.2,,
Mayza, Tim,641835,94,93.7,,88.6,,,,
Duffey, Tyler,608648,92.3,92.4,,,79.1,82.7,,
Weaver, Luke,596133,94.9,94.7,88.1,84.6,86.9,80.1,,
Bañuelos, Manny,544365,93.7,93.4,,85.8,83.1,81.7,,
Matzek, Tyler,554431,94.1,,,83.2,,77.7,,
Pressly, Ryan,519151,94.5,,,89.7,89.1,81,,
Brogdon, Connor,641401,95.1,,88.3,,83.8,,,
Richards, Garrett,572070,94.4,95.7,,88.6,90,76.7,,
Abreu, Albert,656061,97.6,98.5,,88.6,88,,,
Ragans, Cole,666142,92.1,,88.5,,82.1,76.3,,
Karinchak, James,675916,95.2,,,,,82.9,,
Kelly, Joe,523260,97.1,97.9,,,87.1,88.1,,
Stammen, Craig,489334,91,91.4,87.8,81.5,86.9,79.6,,
Woodford, Jake,663765,92.4,91.8,,82.1,85.2,75.3,,
Castillo, Max,666721,93,,,83.4,87.5,,,
Gibaut, Ian,664139,95.8,,92.4,84.2,85.9,,,
Peralta, Wily,503449,95.4,95.5,,83.6,,,82.6,
Barnes, Matt,598264,95,,,,87.2,84.1,,
Howard, Spencer,675921,94.4,,84.8,,79.5,75,,
Quijada, José,650671,94.5,,,81.3,86.9,,,
Assad, Javier,665871,92.9,92.3,88.1,81.2,85.4,75.9,,
Cuas, Jose,621016,,93.1,,82.1,87.2,,,
Gutierrez, Vladimir,661269,92.8,,,82.2,82.9,78.4,,
Chapman, Aroldis,547973,97.5,100.2,,85.7,,,88.1,
Thompson, Ryan,657044,91.6,90,87.2,79.5,81.1,,,
Arano, Víctor,644364,94.5,93.9,,84.8,,,,
Graterol, Brusdar,660813,99.4,99.7,95.6,90.6,,,,
Blach, Ty,621389,,91.1,85,,80.7,79.2,,
Moran, Jovani,663558,93.4,,,81.2,83.3,,,
Thornton, Trent,663423,93.8,92.9,,82.2,,79.7,,
Danish, Tyler,641501,91.2,90.9,,87.1,84.4,80.9,,
Fleming, Josh,676596,91.3,91.2,84.3,,82.2,79.5,,
Sánchez, Cristopher,650911,,93,,84.8,84.4,,,
Flaherty, Jack,656427,93.3,91,88.2,83.8,86.2,77.2,,
Harvey, Hunter,640451,98.3,96.7,,86.7,,82.8,89.4,
Swarmer, Matt,664161,90.5,,,82.1,85.7,,,
Warren, Art,605521,93.5,,,85.5,,,,
Koenig, Jared,657649,89.4,89.2,82.9,,82.8,77.6,,
Liberatore, Matthew,669461,93.7,92.8,,86,85.9,74.3,,
Moronta, Reyes,606625,95.3,,,82.1,89,,,
Peters, Dillon,596071,92.9,92.5,,84.7,84.8,77.3,,
Brazoban, Huascar,623211,97.3,96.7,87.7,,89,,,
McGee, Jake,459429,94.4,,,85.2,,,,
Ramirez, Yohan,670990,93.8,95.7,,82.7,,,,
Sulser, Cole,642121,91.9,,,84,83.2,77.8,,
Moreta, Dauri,664294,95.9,96,,85.7,87.8,,,
Jefferies, Daulton,641726,92.4,92.5,89.6,,86.1,80.2,,
Strzelecki, Peter,657265,93.5,,,82.9,83.3,,,
Sands, Cole,663485,91.6,,84.3,,85.4,78.6,84.9,
Price, David,456034,92.1,92.4,87.9,,83.9,78.4,,
Nelson, Kyle,669459,91.9,,,84.3,,77,,
Martinez, Seth,661527,91.9,90.9,86.1,79.6,86.5,,,
Waldichuk, Ken,686610,94.1,,,81,82.4,75.2,,
Snider, Collin,676092,94.1,96,,86.3,89.5,,,
Lamet, Dinelson,659275,95.4,95.8,,86.3,,,,
Ferguson, Caleb,657571,94.8,,,,,78.3,,
Baumann, Mike,657508,95.8,,,91.5,88.7,84,,
Castano, Daniel,641447,92,89.4,86.5,81.2,84,,,
Thompson, Zack,668868,94.8,,88.1,,87.7,75,,
McCarty, Kirk,668948,92.5,90.9,88.5,82.7,84.7,77.1,,
Ortega, Oliver,661383,95.9,96.6,94,,,82.3,,
Gilbert, Tyler,656457,89.5,89.7,86.2,,,76.2,81.7,
Naughton, Packy,676050,92.8,92.6,,80.9,84.4,,,
Miley, Wade,489119,89.1,88.3,85.1,78.6,81.4,73.5,,
Wentz, Joey,666214,92.4,,83.4,,84.1,75.4,,
Barlow, Joe,669618,94.6,94.7,,87.3,,81.3,,
Newcomb, Sean,656794,94.3,94.2,88.3,,86.7,78.8,,
Banda, Anthony,607455,95.2,93,,84.7,86.6,81.1,,
Head, Louis,545343,93.6,,,82.5,88.6,,,
Morejon, Adrian,670970,96.9,,,87.6,84.3,80.1,,
Dunn, Justin,643290,92.1,,,83.5,87.9,79.8,,
Jiménez, Dany,666204,93.9,,92.8,81.9,,,,
Pop, Zach,647315,,96.5,,85,89.3,,,
Rodriguez, Elvin,660730,93.1,93.1,,82.9,86.6,78.5,,
Ort, Kaleb,672391,96.3,95.7,,86,89.8,,,
Rainey, Tanner,663432,97,,,88.4,89.1,,,
Castro, Miguel,612434,,97.9,,85.8,92.4,,,
Garza Jr., Ralph,621248,91.2,87.8,89.4,77.5,83.1,80,,
Hernández, Jonathan,642546,96.4,98,,87.3,90.1,,,
Mills, Wyatt,670090,91.8,91.3,,80.8,,,,
Silseth, Chase,681217,95.4,94.3,,83.7,,78.9,86.3,
Wesneski, Hayden,669713,93.1,92,88.7,81.2,87,,,
Anderson, Chase,502624,91.9,92.5,90.2,83.6,82.9,77.8,,
Wendelken, J.B.,605525,95,94.4,,85.9,85.5,80.4,,
McFarland, T.J.,519008,,88.8,,79.5,81.8,,,
Wittgren, Nick,621295,91.4,91,88.1,82,84,,,
Ginkel, Kevin,656464,96.4,,,85.4,84.2,,,
Hjelle, Sean,663546,91.7,93.8,,,88.4,85.7,,
Shreve, Chasen,592741,90.6,,,80.9,,,82.9,
May, Dustin,669160,98.1,97.3,92.7,,88.6,85.5,,
Grove, Michael,675627,94.4,,,85,,79.1,,
Yajure, Miguel,664337,92.9,92.9,90.2,81.4,89.2,81.9,,
Detwiler, Ross,446321,92.4,91.8,86,,86.8,77,,
Overton, Connor,656818,91,90.8,,81.9,84.9,79.5,,
Gustave, Jandel,594311,96.1,95.9,,86.2,,,,
Almonte, Yency,622075,95.9,95.8,,84,89.6,,,
May, Trevor,543507,96.1,96.3,,84.8,87.3,,87.2,
Misiewicz, Anthony,664948,93.4,,88.9,83.6,,79.2,,
Uelmen, Erich,657272,93.7,93.3,,83,87.2,,,
Kelley, Trevor,665001,,89.9,,83.6,80.7,78.6,,
Bummer, Aaron,607481,,94.5,86.2,82,89,,,
Stout, Eric,657770,92.1,,,80.1,87.4,77.8,,
Smith, Joe,501925,86,83.6,,76.9,,,,
De Los Santos, Yerry,660787,95,95.3,,83.9,,,,
Poteet, Cody,547001,94.9,94,,85.7,87.7,78,,
Vespi, Nick,663989,88.5,,,83.6,,80.5,,
Young, Alex,622065,91.6,90.7,84.4,,86.2,82.5,,
Baz, Shane,669358,96,,,87.7,88.5,82.3,,
Poppen, Sean,664092,,94.6,,83.5,85.3,,,
Faucher, Calvin,676534,,95.3,,88,,85.3,,
Holderman, Colin,670059,96.5,96,89.9,86.1,86.4,,,
Toussaint, Touki,657053,93.1,91.9,,,,75.6,86.6,
Cisnero, José,542585,95.5,95.1,,85.4,89.6,,,
Martin, Corbin,656686,94,,,88.9,87.8,84.1,,
Robles, Hansel,570663,96,95.9,,88.7,90.2,,,
Brigham, Jeff,656257,94.5,,,82.2,,,,
Sborz, Josh,622250,97,,,87.7,,85.4,,
Rogers, Josh,642028,90.4,89.9,,80.8,84.7,,,
VerHagen, Drew,572403,94.9,94.7,91.3,81.4,89.5,78.2,,
Merryweather, Julian,657240,97.3,,,87.7,81.6,80.3,,
Borucki, Ryan,621366,,95.1,,87.7,84.6,,,
Medina, Adonis,658431,93.1,93.5,,86.4,87.1,80.4,,
Varland, Louie,686973,93.8,,89,83.3,83.8,,,
Santillan, Tony,663574,96.2,,,86.5,,,,
Hudson, Daniel,543339,97,96.3,,88.8,88.4,,,
Morris, Cody,663752,94.6,,88.2,,81.9,79.6,,
Hembree, Heath,592390,94.2,,,84.2,,79.5,,
Ryu, Hyun Jin,547943,89.3,,86,,79.6,71.9,,
Cano, Yennier,666974,95.7,95.3,,87.5,90.2,,,
Arihara, Kohei,685503,92,90.5,88,81.7,81.2,74.5,82.7,
Gose, Anthony,543238,97,,,86.1,88,,,
Patiño, Luis,672715,94.6,93.7,,84.3,85.4,,,
O'Day, Darren,503285,86,85.9,,78.2,,,,
Nogosek, Stephen,668665,95,,89.1,81.5,87.4,76,,
González, Chi Chi,592346,92.6,92.1,,84.3,85.5,80.7,,
Kinley, Tyler,641755,95.4,92.9,,89.5,88.8,,,
Espinoza, Anderson,659262,93.8,,,80.7,84,,,
Goudeau, Ashton,623485,92.4,,,,84.8,77.5,,
Nardi, Andrew,677053,94.3,,,83.9,89,,,
Seabold, Connor,657756,92.1,,,85.6,80.4,78.7,,
Norwood, James,656803,96.6,96.3,,88.4,,,90.7,
Jameson, Drey,686753,95.9,94.4,,84.7,86.3,76.7,,
Thompson, Mason,666168,95.5,95.8,,84.4,88.2,,,
Paddack, Chris,663978,93,,,83.5,82.5,76,,
Ruiz, Norge,650204,93.1,,,86.7,85.4,,,
Sousa, Bennett,656986,94,,,87.3,,,,
Tetreault, Jackson,676194,94.6,,86.6,,85.9,82.2,,
Tapia, Domingo,593619,97.9,97.4,,88,88.9,,,
Thornburg, Tyler,592804,93.5,,,83.4,84.7,76.1,,
Barnes, Jacob,606930,95.2,,89,84.3,,,,
Sulser, Beau,676641,92.8,,88.1,,83.7,80.3,,
Frías, Luis,666818,96.9,,,85.4,89.7,,,
Law, Derek,571882,95.1,94.8,90.7,85.8,87.9,77.1,,
Fairbanks, Pete,664126,99,95.8,,85.8,,,,
Tinoco, Jesus,622786,96.1,96,,88.2,90.2,84.9,,
Hunter, Tommy,488984,93.8,93.2,91.3,,,84.5,,
Cleavinger, Garrett,664076,96,95.1,,82.7,,76.8,,
Feyereisen, J.P.,656420,92.2,,,84,87.1,,,
Bruihl, Justin,677865,,88.7,86.4,77.5,,,,
Smith, Chad,663385,,95.6,,85.2,90.3,,,
Romo, Sergio,489265,85.1,85.3,,77,79.9,,,
Chargois, JT,608638,95.3,96.5,,87.3,,,,
Fernández, Junior,658551,98.8,98.7,,88.9,90.9,,,
Bolaños, Ronald,671790,93,93.1,,84.1,87.1,77,,
Guerra, Javy,642770,98.3,97.2,,88.3,,,,
DeSclafani, Anthony,543101,92.6,92.2,,87.4,86,80.9,,
Widener, Taylor,642203,94,,87.7,85,84.8,80.1,,
Kolarek, Adam,592473,89.4,88.1,,77.2,81.7,,,
Garcia, Bryan,650530,,92.9,,85.6,85.5,,,
Kowar, Jackson,663804,95.8,,,82.9,85.7,,,
Brown, Hunter,686613,96.6,95.3,,93.2,,83.3,89.2,
Peguero, Elvis,665625,,96.4,,91,,,,
Reed, Jake,596082,90.9,91.7,,81.8,82.2,,,
Llovera, Mauricio,661440,95.6,95.4,,83.7,,,,
Bradley, Archie,605151,93.7,93.2,,,85.6,79.7,,
Taylor, Blake,642130,92.6,,,84.4,,,,
Mills, Alec,621219,88.6,88.5,,76.1,78.9,65.8,,
Allard, Kolby,663465,91.1,,84.9,,82.8,74.2,,
Lemoine, Jacob,621082,92.9,93.1,,83.9,85.9,,,
Speier, Gabe,642100,93.6,93.7,,81.9,87.3,,,
Lawrence, Casey,596271,90.9,90,85.7,81.3,83.2,78.6,,
Selman, Sam,572125,89.3,90.4,,79.3,,,,
Yacabonis, Jimmy,642231,,93.7,,81.6,87.7,,,
Uceta, Edwin,670955,91.9,93.5,,86.9,88.3,81,,
Szapucki, Thomas,663378,95.2,,,,87,80,,
Valdez, Phillips,570488,,94.1,,84,86.9,,,
Steckenrider, Drew,608716,94.1,,,85.1,87,81.2,,
Perdomo, Luis,606131,,93.8,,85.2,,,87.5,
Farrell, Luke,608652,91.1,,,82.5,85,78.6,,
Dugger, Robert,667498,89.4,89.9,,77.6,81.3,72.6,,
Johnson, Pierce,572955,94.8,,,,,84.3,,
Crick, Kyle,605195,92.2,92.1,,79.7,,,,
Grimm, Justin,518748,92.6,,,81.7,,82,,
Ortiz, Luis,682847,98.4,,,87.7,90.9,,,
Bender, Anthony,669622,98.3,97.6,,84.9,90.7,,,
Alvarez, Jose,501625,91.4,90.8,,80.3,81.5,,,
Whitley, Kodi,676831,93.4,,,82.8,83.5,,,
Beasley, Jeremy,676886,95.4,,,82.1,,,87.3,
Romero, JoJo,668941,95.5,95.2,90,84,86.5,,,
Hall, DL,669084,96.2,,,87.4,85,80.7,,
Hoeing, Bryan,663773,,93.1,,83.3,87.3,80.3,,
Cousins, Jake,664776,,95.7,,82.9,89.5,,,
Warren, Austin,681810,93.6,93.5,,86.2,89.1,,,
Marte, Jose,665896,96.5,96,89.4,88.1,89.6,,,
Gillaspie, Logan,670810,95.2,,,82.1,86.3,81.7,,
Cruz, Fernando,518585,94.4,93.4,,86.7,,,81.7,
Castro, Anthony,621593,94.8,95.5,,84.4,87.3,,,
Scott, Tayler,605463,94.1,93.5,,83.9,89.2,,,
Nelson, Ryne,669194,94.8,,,82.5,81.8,76.9,,
Zeuch, T.J.,643615,91.8,91.9,86.3,80.8,85.6,,,
